-- MySQL dump 10.16  Distrib 10.1.19-MariaDB, for debian-linux-gnu (x86_64)
--
-- Host: localhost    Database: localhost
-- ------------------------------------------------------
-- Server version	10.1.19-MariaDB-1~trusty

/*!40101 SET @OLD_CHARACTER_SET_CLIENT=@@CHARACTER_SET_CLIENT */;
/*!40101 SET @OLD_CHARACTER_SET_RESULTS=@@CHARACTER_SET_RESULTS */;
/*!40101 SET @OLD_COLLATION_CONNECTION=@@COLLATION_CONNECTION */;
/*!40101 SET NAMES utf8 */;
/*!40103 SET @OLD_TIME_ZONE=@@TIME_ZONE */;
/*!40103 SET TIME_ZONE='+00:00' */;
/*!40014 SET @OLD_UNIQUE_CHECKS=@@UNIQUE_CHECKS, UNIQUE_CHECKS=0 */;
/*!40014 SET @OLD_FOREIGN_KEY_CHECKS=@@FOREIGN_KEY_CHECKS, FOREIGN_KEY_CHECKS=0 */;
/*!40101 SET @OLD_SQL_MODE=@@SQL_MODE, SQL_MODE='NO_AUTO_VALUE_ON_ZERO' */;
/*!40111 SET @OLD_SQL_NOTES=@@SQL_NOTES, SQL_NOTES=0 */;

--
-- Table structure for table `accounts`
--

DROP TABLE IF EXISTS `accounts`;
/*!40101 SET @saved_cs_client     = @@character_set_client */;
/*!40101 SET character_set_client = utf8 */;
CREATE TABLE `accounts` (
  `id` int(11) unsigned NOT NULL AUTO_INCREMENT,
  `name` varchar(255) NOT NULL DEFAULT '',
  PRIMARY KEY (`id`)
) ENGINE=MyISAM AUTO_INCREMENT=7 DEFAULT CHARSET=utf8;
/*!40101 SET character_set_client = @saved_cs_client */;

--
-- Dumping data for table `accounts`
--

LOCK TABLES `accounts` WRITE;
/*!40000 ALTER TABLE `accounts` DISABLE KEYS */;
INSERT INTO `accounts` VALUES (1,'Chris'),(2,'IFT'),(3,'Netrade'),(4,'Sim'),(5,'xAccount 5'),(6,'xAccount 6');
/*!40000 ALTER TABLE `accounts` ENABLE KEYS */;
UNLOCK TABLES;

--
-- Table structure for table `couriers`
--

DROP TABLE IF EXISTS `couriers`;
/*!40101 SET @saved_cs_client     = @@character_set_client */;
/*!40101 SET character_set_client = utf8 */;
CREATE TABLE `couriers` (
  `id` int(11) unsigned NOT NULL AUTO_INCREMENT,
  `name` varchar(255) NOT NULL DEFAULT '',
  PRIMARY KEY (`id`)
) ENGINE=MyISAM AUTO_INCREMENT=8 DEFAULT CHARSET=utf8;
/*!40101 SET character_set_client = @saved_cs_client */;

--
-- Dumping data for table `couriers`
--

LOCK TABLES `couriers` WRITE;
/*!40000 ALTER TABLE `couriers` DISABLE KEYS */;
INSERT INTO `couriers` VALUES (1,'Aramex'),(2,'DHL'),(3,'FBA'),(4,'FedEx'),(5,'Global Mail'),(6,'Pos Laju'),(7,'SingPost');
/*!40000 ALTER TABLE `couriers` ENABLE KEYS */;
UNLOCK TABLES;

--
-- Table structure for table `exchange_rate`
--

DROP TABLE IF EXISTS `exchange_rate`;
/*!40101 SET @saved_cs_client     = @@character_set_client */;
/*!40101 SET character_set_client = utf8 */;
CREATE TABLE `exchange_rate` (
  `id` int(11) unsigned NOT NULL AUTO_INCREMENT,
  `from_code` varchar(5) NOT NULL DEFAULT '',
  `to_code` varchar(5) NOT NULL DEFAULT '',
  `rate` decimal(10,4) NOT NULL DEFAULT '0.0000',
  `created_date` date NOT NULL DEFAULT '0000-00-00',
  PRIMARY KEY (`id`),
  UNIQUE KEY `from_code_UNIQUE` (`from_code`,`to_code`,`created_date`),
  KEY `created_date` (`created_date`)
) ENGINE=MyISAM AUTO_INCREMENT=6 DEFAULT CHARSET=utf8;
/*!40101 SET character_set_client = @saved_cs_client */;

--
-- Dumping data for table `exchange_rate`
--

LOCK TABLES `exchange_rate` WRITE;
/*!40000 ALTER TABLE `exchange_rate` DISABLE KEYS */;
INSERT INTO `exchange_rate` VALUES (1,'MYR','USD',4.4725,'2017-01-06'),(2,'MYR','SGD',3.1241,'2017-01-06'),(3,'MYR','EUR',4.7359,'2017-01-06'),(4,'MYR','GBP',5.5414,'2017-01-06'),(5,'MYR','AUD',3.2779,'2017-01-06');
/*!40000 ALTER TABLE `exchange_rate` ENABLE KEYS */;
UNLOCK TABLES;

--
-- Table structure for table `inventory_history`
--

DROP TABLE IF EXISTS `inventory_history`;
/*!40101 SET @saved_cs_client     = @@character_set_client */;
/*!40101 SET character_set_client = utf8 */;
CREATE TABLE `inventory_history` (
  `id` int(11) unsigned NOT NULL AUTO_INCREMENT,
  `warehouse_item_id` int(11) unsigned NOT NULL DEFAULT '0',
  `description` text,
  `created_date` timestamp NOT NULL DEFAULT CURRENT_TIMESTAMP,
  PRIMARY KEY (`id`)
) ENGINE=MyISAM DEFAULT CHARSET=utf8;
/*!40101 SET character_set_client = @saved_cs_client */;

--
-- Dumping data for table `inventory_history`
--

LOCK TABLES `inventory_history` WRITE;
/*!40000 ALTER TABLE `inventory_history` DISABLE KEYS */;
/*!40000 ALTER TABLE `inventory_history` ENABLE KEYS */;
UNLOCK TABLES;

--
-- Table structure for table `marketplaces`
--

DROP TABLE IF EXISTS `marketplaces`;
/*!40101 SET @saved_cs_client     = @@character_set_client */;
/*!40101 SET character_set_client = utf8 */;
CREATE TABLE `marketplaces` (
  `id` int(11) unsigned NOT NULL AUTO_INCREMENT,
  `name` varchar(255) NOT NULL DEFAULT '',
  `currency` varchar(5) NOT NULL DEFAULT '',
  PRIMARY KEY (`id`)
) ENGINE=MyISAM AUTO_INCREMENT=2 DEFAULT CHARSET=utf8;
/*!40101 SET character_set_client = @saved_cs_client */;

--
-- Dumping data for table `marketplaces`
--

LOCK TABLES `marketplaces` WRITE;
/*!40000 ALTER TABLE `marketplaces` DISABLE KEYS */;
INSERT INTO `marketplaces` VALUES (1,'others','MYR');
/*!40000 ALTER TABLE `marketplaces` ENABLE KEYS */;
UNLOCK TABLES;

--
-- Table structure for table `option_item`
--

DROP TABLE IF EXISTS `option_item`;
/*!40101 SET @saved_cs_client     = @@character_set_client */;
/*!40101 SET character_set_client = utf8 */;
CREATE TABLE `option_item` (
  `id` int(11) unsigned NOT NULL AUTO_INCREMENT,
  `option_id` int(11) unsigned NOT NULL DEFAULT '0',
  `name` varchar(255) NOT NULL DEFAULT '',
  `code` varchar(50) NOT NULL DEFAULT '',
  `type` tinyint(1) NOT NULL DEFAULT '0',
  PRIMARY KEY (`id`),
  UNIQUE KEY `index2` (`option_id`,`code`)
) ENGINE=MyISAM AUTO_INCREMENT=27 DEFAULT CHARSET=utf8;
/*!40101 SET character_set_client = @saved_cs_client */;

--
-- Dumping data for table `option_item`
--

LOCK TABLES `option_item` WRITE;
/*!40000 ALTER TABLE `option_item` DISABLE KEYS */;
INSERT INTO `option_item` VALUES (1,1,'24K Gold','24K',1),(2,1,'Deep Blue','DB',1),(3,1,'Earth Brown','EB',1),(4,1,'Emerald Green','EG',1),(5,1,'Fire Red','FR',1),(6,1,'Ice Blue','IB',1),(7,1,'Solid Black','SB',1),(8,1,'Titanium','TI',1),(9,1,'Violet Purple','VP',1),(10,1,'SB,TI','x2A',2),(11,1,'SB,IB','x2B',2),(12,1,'SB,FR','x2C',2),(13,1,'TI,IB','x2D',2),(14,1,'TI,FR','x2E',2),(15,1,'FR,IB','x2F',2),(16,1,'FR,EG','x2G',2),(17,1,'EG,IB','x2H',2),(18,1,'IB,SB,TI','x3A-IB',2),(19,1,'24K,FR,SB','x3B',2),(20,1,'EG,SB,VP','x3C',2),(21,1,'EB,IB,TI','x3D-IB',2),(22,1,'24K,EB,FR','x3E',2),(23,1,'EB,EG,VP','x3F',2),(24,1,'24K,TI,VP','x3G',2),(25,1,'EG,FR,IB','x3H-IB',2),(26,1,'SB,TI,DB','x3A-DB',2);
/*!40000 ALTER TABLE `option_item` ENABLE KEYS */;
UNLOCK TABLES;

--
-- Table structure for table `option_item_combo`
--

DROP TABLE IF EXISTS `option_item_combo`;
/*!40101 SET @saved_cs_client     = @@character_set_client */;
/*!40101 SET character_set_client = utf8 */;
CREATE TABLE `option_item_combo` (
  `id` int(11) unsigned NOT NULL AUTO_INCREMENT,
  `item_id` int(11) unsigned NOT NULL DEFAULT '0',
  `combo_id` int(11) unsigned NOT NULL DEFAULT '0',
  PRIMARY KEY (`id`),
  UNIQUE KEY `index2` (`item_id`,`combo_id`)
) ENGINE=MyISAM AUTO_INCREMENT=46 DEFAULT CHARSET=utf8;
/*!40101 SET character_set_client = @saved_cs_client */;

--
-- Dumping data for table `option_item_combo`
--

LOCK TABLES `option_item_combo` WRITE;
/*!40000 ALTER TABLE `option_item_combo` DISABLE KEYS */;
INSERT INTO `option_item_combo` VALUES (4,10,8),(3,10,7),(5,11,7),(6,11,6),(7,12,7),(8,12,5),(9,13,8),(10,13,6),(11,14,8),(12,14,5),(13,15,5),(14,15,6),(15,16,5),(16,16,4),(17,17,4),(18,17,6),(19,18,6),(20,18,7),(21,18,8),(22,19,1),(23,19,5),(24,19,7),(25,20,4),(26,20,7),(27,20,9),(28,21,3),(29,21,6),(30,21,8),(31,22,1),(32,22,3),(33,22,5),(34,23,3),(35,23,4),(36,23,9),(37,24,1),(38,24,8),(39,24,9),(40,25,4),(41,25,5),(42,25,6),(43,26,7),(44,26,8),(45,26,2);
/*!40000 ALTER TABLE `option_item_combo` ENABLE KEYS */;
UNLOCK TABLES;

--
-- Table structure for table `options`
--

DROP TABLE IF EXISTS `options`;
/*!40101 SET @saved_cs_client     = @@character_set_client */;
/*!40101 SET character_set_client = utf8 */;
CREATE TABLE `options` (
  `id` int(11) unsigned NOT NULL AUTO_INCREMENT,
  `name` varchar(255) NOT NULL DEFAULT '',
  PRIMARY KEY (`id`)
) ENGINE=MyISAM AUTO_INCREMENT=2 DEFAULT CHARSET=utf8;
/*!40101 SET character_set_client = @saved_cs_client */;

--
-- Dumping data for table `options`
--

LOCK TABLES `options` WRITE;
/*!40000 ALTER TABLE `options` DISABLE KEYS */;
INSERT INTO `options` VALUES (1,'Frame Color');
/*!40000 ALTER TABLE `options` ENABLE KEYS */;
UNLOCK TABLES;

--
-- Table structure for table `products`
--

DROP TABLE IF EXISTS `products`;
/*!40101 SET @saved_cs_client     = @@character_set_client */;
/*!40101 SET character_set_client = utf8 */;
CREATE TABLE `products` (
  `id` int(11) unsigned NOT NULL AUTO_INCREMENT,
  `name` varchar(255) NOT NULL DEFAULT '',
  `code` varchar(50) NOT NULL DEFAULT '',
  `supp_id` int(11) unsigned NOT NULL DEFAULT '0',
  `option_id` int(11) unsigned NOT NULL DEFAULT '0',
  `item_weight` decimal(18,4) NOT NULL DEFAULT '0.0000',
  `item_dimension` varchar(100) NOT NULL DEFAULT '',
  PRIMARY KEY (`id`),
  UNIQUE KEY `code_UNIQUE` (`code`)
) ENGINE=MyISAM AUTO_INCREMENT=21 DEFAULT CHARSET=utf8;
/*!40101 SET character_set_client = @saved_cs_client */;

--
-- Dumping data for table `products`
--

LOCK TABLES `products` WRITE;
/*!40000 ALTER TABLE `products` DISABLE KEYS */;
INSERT INTO `products` VALUES (1,'ANTIX','ANTIX',1,1,0.0000,''),(2,'BATWOLF','BATWF',1,1,0.0000,''),(3,'DISPATCH 2','DISP2',1,1,0.0000,''),(4,'EYEPATCH 2','EYEP2',1,1,0.0000,''),(5,'FAST XL','FASTX',1,1,0.0000,''),(6,'FLAK XLJ','FLAKX',1,1,0.0000,''),(7,'FUEL CELL','FULEC',1,1,0.0000,''),(8,'GASCAN','GASCA',1,1,0.0000,''),(9,'HALF 2.0 XL','HAL2X',1,1,0.0000,''),(10,'HOLBROOK','HOLBR',1,1,0.0000,''),(11,'JAWBONE','JAWBN',1,1,0.0000,''),(12,'M2','M2',1,1,0.0000,''),(13,'MF HTR','MFHTR',1,1,0.0000,''),(14,'MF SWP','MFSWP',1,1,0.0000,''),(15,'OFFSHOOT','OFFSH',1,1,0.0000,''),(16,'OIL RIG','OILRI',1,1,0.0000,''),(17,'RADAR EDGE','RADED',1,1,0.0000,''),(18,'RADAR PATH','RADPA',1,1,0.0000,''),(19,'RADAR(L) EDGE','RAD(L)ED',1,1,0.0000,''),(20,'RADAR(L) PATH','RAD(L)PA',1,1,0.0000,'');
/*!40000 ALTER TABLE `products` ENABLE KEYS */;
UNLOCK TABLES;

--
-- Table structure for table `settings`
--

DROP TABLE IF EXISTS `settings`;
/*!40101 SET @saved_cs_client     = @@character_set_client */;
/*!40101 SET character_set_client = utf8 */;
CREATE TABLE `settings` (
  `id` int(11) unsigned NOT NULL AUTO_INCREMENT,
  `code` varchar(50) NOT NULL,
  `description` varchar(255) NOT NULL,
  `value` varchar(255) NOT NULL,
  `options` tinytext NOT NULL,
  PRIMARY KEY (`id`),
  UNIQUE KEY `code` (`code`)
) ENGINE=MyISAM AUTO_INCREMENT=8 DEFAULT CHARSET=utf8;
/*!40101 SET character_set_client = @saved_cs_client */;

--
-- Dumping data for table `settings`
--

LOCK TABLES `settings` WRITE;
/*!40000 ALTER TABLE `settings` DISABLE KEYS */;
INSERT INTO `settings` VALUES (1,'default_currency','Default currency','MYR','MYR'),(2,'timezone','Default timezone','+8','-11|-10|-9|-8|-7|-6|-5|-4|-3|-2|-1|0|+1|+2|+3|+4|+5|+6|+7|+8|+9|+10|+11|+12'),(3,'min_qty','Mininum quantity level for restocking notification','15',''),(4,'stop_qty','Mininum quantity level for stop selling','5',''),(5,'support_currency','Please set the currency here to support different marketplace','USD,SGD,EUR,GBP,AUD',''),(6,'forex_auto_update','Allow system to auto update currency rate','Disable','Enable|Disable'),(7,'inventory_history','Allow system to store the inventory history','Disable','Enable|Disable');
/*!40000 ALTER TABLE `settings` ENABLE KEYS */;
UNLOCK TABLES;

--
-- Table structure for table `store_item`
--

DROP TABLE IF EXISTS `store_item`;
/*!40101 SET @saved_cs_client     = @@character_set_client */;
/*!40101 SET character_set_client = utf8 */;
CREATE TABLE `store_item` (
  `id` int(11) unsigned NOT NULL AUTO_INCREMENT,
  `store_id` int(11) unsigned NOT NULL DEFAULT '0',
  `warehouse_id` int(11) unsigned NOT NULL DEFAULT '0',
  `product_id` int(11) unsigned NOT NULL DEFAULT '0',
  `item_id` int(11) unsigned NOT NULL DEFAULT '0',
  `store_skucode` varchar(100) NOT NULL DEFAULT '',
  `selling_price` decimal(18,4) NOT NULL DEFAULT '0.0000',
  `discount_price` decimal(18,4) NOT NULL DEFAULT '0.0000',
  `expire_date` date NOT NULL DEFAULT '0000-00-00',
  PRIMARY KEY (`id`),
  UNIQUE KEY `index2` (`store_id`,`warehouse_id`,`product_id`,`item_id`)
) ENGINE=MyISAM AUTO_INCREMENT=521 DEFAULT CHARSET=utf8;
/*!40101 SET character_set_client = @saved_cs_client */;

--
-- Dumping data for table `store_item`
--

LOCK TABLES `store_item` WRITE;
/*!40000 ALTER TABLE `store_item` DISABLE KEYS */;
INSERT INTO `store_item` VALUES (1,1,1,1,1,'ANTIX-24K',50.0000,0.0000,'0000-00-00'),(2,1,1,1,2,'ANTIX-DB',0.0000,0.0000,'0000-00-00'),(3,1,1,1,3,'ANTIX-EB',0.0000,0.0000,'0000-00-00'),(4,1,1,1,4,'ANTIX-EG',0.0000,0.0000,'0000-00-00'),(5,1,1,1,5,'ANTIX-FR',0.0000,0.0000,'0000-00-00'),(6,1,1,1,6,'ANTIX-IB',0.0000,0.0000,'0000-00-00'),(7,1,1,1,7,'ANTIX-SB',0.0000,0.0000,'0000-00-00'),(8,1,1,1,8,'ANTIX-TI',0.0000,0.0000,'0000-00-00'),(9,1,1,1,9,'ANTIX-VP',0.0000,0.0000,'0000-00-00'),(10,1,0,1,10,'ANTIX-x2A',0.0000,0.0000,'0000-00-00'),(11,1,0,1,11,'ANTIX-x2B',0.0000,0.0000,'0000-00-00'),(12,1,0,1,12,'ANTIX-x2C',0.0000,0.0000,'0000-00-00'),(13,1,0,1,13,'ANTIX-x2D',0.0000,0.0000,'0000-00-00'),(14,1,0,1,14,'ANTIX-x2E',0.0000,0.0000,'0000-00-00'),(15,1,0,1,15,'ANTIX-x2F',0.0000,0.0000,'0000-00-00'),(16,1,0,1,16,'ANTIX-x2G',0.0000,0.0000,'0000-00-00'),(17,1,0,1,17,'ANTIX-x2H',0.0000,0.0000,'0000-00-00'),(18,1,0,1,18,'ANTIX-x3A-IB',0.0000,0.0000,'0000-00-00'),(19,1,0,1,19,'ANTIX-x3B',0.0000,0.0000,'0000-00-00'),(20,1,0,1,20,'ANTIX-x3C',0.0000,0.0000,'0000-00-00'),(21,1,0,1,21,'ANTIX-x3D-IB',0.0000,0.0000,'0000-00-00'),(22,1,0,1,22,'ANTIX-x3E',0.0000,0.0000,'0000-00-00'),(23,1,0,1,23,'ANTIX-x3F',0.0000,0.0000,'0000-00-00'),(24,1,0,1,24,'ANTIX-x3G',0.0000,0.0000,'0000-00-00'),(25,1,0,1,25,'ANTIX-x3H-IB',0.0000,0.0000,'0000-00-00'),(26,1,0,1,26,'ANTIX-x3A-DB',0.0000,0.0000,'0000-00-00'),(27,1,1,2,1,'BATWF-24K',0.0000,0.0000,'0000-00-00'),(28,1,1,2,2,'BATWF-DB',0.0000,0.0000,'0000-00-00'),(29,1,1,2,3,'BATWF-EB',0.0000,0.0000,'0000-00-00'),(30,1,1,2,4,'BATWF-EG',0.0000,0.0000,'0000-00-00'),(31,1,1,2,5,'BATWF-FR',0.0000,0.0000,'0000-00-00'),(32,1,1,2,6,'BATWF-IB',0.0000,0.0000,'0000-00-00'),(33,1,1,2,7,'BATWF-SB',0.0000,0.0000,'0000-00-00'),(34,1,1,2,8,'BATWF-TI',0.0000,0.0000,'0000-00-00'),(35,1,1,2,9,'BATWF-VP',0.0000,0.0000,'0000-00-00'),(36,1,0,2,10,'BATWF-x2A',0.0000,0.0000,'0000-00-00'),(37,1,0,2,11,'BATWF-x2B',0.0000,0.0000,'0000-00-00'),(38,1,0,2,12,'BATWF-x2C',0.0000,0.0000,'0000-00-00'),(39,1,0,2,13,'BATWF-x2D',0.0000,0.0000,'0000-00-00'),(40,1,0,2,14,'BATWF-x2E',0.0000,0.0000,'0000-00-00'),(41,1,0,2,15,'BATWF-x2F',0.0000,0.0000,'0000-00-00'),(42,1,0,2,16,'BATWF-x2G',0.0000,0.0000,'0000-00-00'),(43,1,0,2,17,'BATWF-x2H',0.0000,0.0000,'0000-00-00'),(44,1,0,2,18,'BATWF-x3A-IB',0.0000,0.0000,'0000-00-00'),(45,1,0,2,19,'BATWF-x3B',0.0000,0.0000,'0000-00-00'),(46,1,0,2,20,'BATWF-x3C',0.0000,0.0000,'0000-00-00'),(47,1,0,2,21,'BATWF-x3D-IB',0.0000,0.0000,'0000-00-00'),(48,1,0,2,22,'BATWF-x3E',0.0000,0.0000,'0000-00-00'),(49,1,0,2,23,'BATWF-x3F',0.0000,0.0000,'0000-00-00'),(50,1,0,2,24,'BATWF-x3G',0.0000,0.0000,'0000-00-00'),(51,1,0,2,25,'BATWF-x3H-IB',0.0000,0.0000,'0000-00-00'),(52,1,0,2,26,'BATWF-x3A-DB',0.0000,0.0000,'0000-00-00'),(53,1,1,3,1,'DISP2-24K',0.0000,0.0000,'0000-00-00'),(54,1,1,3,2,'DISP2-DB',0.0000,0.0000,'0000-00-00'),(55,1,1,3,3,'DISP2-EB',0.0000,0.0000,'0000-00-00'),(56,1,1,3,4,'DISP2-EG',0.0000,0.0000,'0000-00-00'),(57,1,1,3,5,'DISP2-FR',0.0000,0.0000,'0000-00-00'),(58,1,1,3,6,'DISP2-IB',0.0000,0.0000,'0000-00-00'),(59,1,1,3,7,'DISP2-SB',0.0000,0.0000,'0000-00-00'),(60,1,1,3,8,'DISP2-TI',0.0000,0.0000,'0000-00-00'),(61,1,1,3,9,'DISP2-VP',0.0000,0.0000,'0000-00-00'),(62,1,0,3,10,'DISP2-x2A',0.0000,0.0000,'0000-00-00'),(63,1,0,3,11,'DISP2-x2B',0.0000,0.0000,'0000-00-00'),(64,1,0,3,12,'DISP2-x2C',0.0000,0.0000,'0000-00-00'),(65,1,0,3,13,'DISP2-x2D',0.0000,0.0000,'0000-00-00'),(66,1,0,3,14,'DISP2-x2E',0.0000,0.0000,'0000-00-00'),(67,1,0,3,15,'DISP2-x2F',0.0000,0.0000,'0000-00-00'),(68,1,0,3,16,'DISP2-x2G',0.0000,0.0000,'0000-00-00'),(69,1,0,3,17,'DISP2-x2H',0.0000,0.0000,'0000-00-00'),(70,1,0,3,18,'DISP2-x3A-IB',0.0000,0.0000,'0000-00-00'),(71,1,0,3,19,'DISP2-x3B',0.0000,0.0000,'0000-00-00'),(72,1,0,3,20,'DISP2-x3C',0.0000,0.0000,'0000-00-00'),(73,1,0,3,21,'DISP2-x3D-IB',0.0000,0.0000,'0000-00-00'),(74,1,0,3,22,'DISP2-x3E',0.0000,0.0000,'0000-00-00'),(75,1,0,3,23,'DISP2-x3F',0.0000,0.0000,'0000-00-00'),(76,1,0,3,24,'DISP2-x3G',0.0000,0.0000,'0000-00-00'),(77,1,0,3,25,'DISP2-x3H-IB',0.0000,0.0000,'0000-00-00'),(78,1,0,3,26,'DISP2-x3A-DB',0.0000,0.0000,'0000-00-00'),(79,1,1,4,1,'EYEP2-24K',0.0000,0.0000,'0000-00-00'),(80,1,1,4,2,'EYEP2-DB',0.0000,0.0000,'0000-00-00'),(81,1,1,4,3,'EYEP2-EB',0.0000,0.0000,'0000-00-00'),(82,1,1,4,4,'EYEP2-EG',0.0000,0.0000,'0000-00-00'),(83,1,1,4,5,'EYEP2-FR',0.0000,0.0000,'0000-00-00'),(84,1,1,4,6,'EYEP2-IB',0.0000,0.0000,'0000-00-00'),(85,1,1,4,7,'EYEP2-SB',0.0000,0.0000,'0000-00-00'),(86,1,1,4,8,'EYEP2-TI',0.0000,0.0000,'0000-00-00'),(87,1,1,4,9,'EYEP2-VP',0.0000,0.0000,'0000-00-00'),(88,1,0,4,10,'EYEP2-x2A',0.0000,0.0000,'0000-00-00'),(89,1,0,4,11,'EYEP2-x2B',0.0000,0.0000,'0000-00-00'),(90,1,0,4,12,'EYEP2-x2C',0.0000,0.0000,'0000-00-00'),(91,1,0,4,13,'EYEP2-x2D',0.0000,0.0000,'0000-00-00'),(92,1,0,4,14,'EYEP2-x2E',0.0000,0.0000,'0000-00-00'),(93,1,0,4,15,'EYEP2-x2F',0.0000,0.0000,'0000-00-00'),(94,1,0,4,16,'EYEP2-x2G',0.0000,0.0000,'0000-00-00'),(95,1,0,4,17,'EYEP2-x2H',0.0000,0.0000,'0000-00-00'),(96,1,0,4,18,'EYEP2-x3A-IB',0.0000,0.0000,'0000-00-00'),(97,1,0,4,19,'EYEP2-x3B',0.0000,0.0000,'0000-00-00'),(98,1,0,4,20,'EYEP2-x3C',0.0000,0.0000,'0000-00-00'),(99,1,0,4,21,'EYEP2-x3D-IB',0.0000,0.0000,'0000-00-00'),(100,1,0,4,22,'EYEP2-x3E',0.0000,0.0000,'0000-00-00'),(101,1,0,4,23,'EYEP2-x3F',0.0000,0.0000,'0000-00-00'),(102,1,0,4,24,'EYEP2-x3G',0.0000,0.0000,'0000-00-00'),(103,1,0,4,25,'EYEP2-x3H-IB',0.0000,0.0000,'0000-00-00'),(104,1,0,4,26,'EYEP2-x3A-DB',0.0000,0.0000,'0000-00-00'),(105,1,1,5,1,'FASTX-24K',0.0000,0.0000,'0000-00-00'),(106,1,1,5,2,'FASTX-DB',0.0000,0.0000,'0000-00-00'),(107,1,1,5,3,'FASTX-EB',0.0000,0.0000,'0000-00-00'),(108,1,1,5,4,'FASTX-EG',0.0000,0.0000,'0000-00-00'),(109,1,1,5,5,'FASTX-FR',0.0000,0.0000,'0000-00-00'),(110,1,1,5,6,'FASTX-IB',0.0000,0.0000,'0000-00-00'),(111,1,1,5,7,'FASTX-SB',0.0000,0.0000,'0000-00-00'),(112,1,1,5,8,'FASTX-TI',0.0000,0.0000,'0000-00-00'),(113,1,1,5,9,'FASTX-VP',0.0000,0.0000,'0000-00-00'),(114,1,0,5,10,'FASTX-x2A',0.0000,0.0000,'0000-00-00'),(115,1,0,5,11,'FASTX-x2B',0.0000,0.0000,'0000-00-00'),(116,1,0,5,12,'FASTX-x2C',0.0000,0.0000,'0000-00-00'),(117,1,0,5,13,'FASTX-x2D',0.0000,0.0000,'0000-00-00'),(118,1,0,5,14,'FASTX-x2E',0.0000,0.0000,'0000-00-00'),(119,1,0,5,15,'FASTX-x2F',0.0000,0.0000,'0000-00-00'),(120,1,0,5,16,'FASTX-x2G',0.0000,0.0000,'0000-00-00'),(121,1,0,5,17,'FASTX-x2H',0.0000,0.0000,'0000-00-00'),(122,1,0,5,18,'FASTX-x3A-IB',0.0000,0.0000,'0000-00-00'),(123,1,0,5,19,'FASTX-x3B',0.0000,0.0000,'0000-00-00'),(124,1,0,5,20,'FASTX-x3C',0.0000,0.0000,'0000-00-00'),(125,1,0,5,21,'FASTX-x3D-IB',0.0000,0.0000,'0000-00-00'),(126,1,0,5,22,'FASTX-x3E',0.0000,0.0000,'0000-00-00'),(127,1,0,5,23,'FASTX-x3F',0.0000,0.0000,'0000-00-00'),(128,1,0,5,24,'FASTX-x3G',0.0000,0.0000,'0000-00-00'),(129,1,0,5,25,'FASTX-x3H-IB',0.0000,0.0000,'0000-00-00'),(130,1,0,5,26,'FASTX-x3A-DB',0.0000,0.0000,'0000-00-00'),(131,1,1,6,1,'FLAKX-24K',0.0000,0.0000,'0000-00-00'),(132,1,1,6,2,'FLAKX-DB',0.0000,0.0000,'0000-00-00'),(133,1,1,6,3,'FLAKX-EB',0.0000,0.0000,'0000-00-00'),(134,1,1,6,4,'FLAKX-EG',0.0000,0.0000,'0000-00-00'),(135,1,1,6,5,'FLAKX-FR',0.0000,0.0000,'0000-00-00'),(136,1,1,6,6,'FLAKX-IB',0.0000,0.0000,'0000-00-00'),(137,1,1,6,7,'FLAKX-SB',0.0000,0.0000,'0000-00-00'),(138,1,1,6,8,'FLAKX-TI',0.0000,0.0000,'0000-00-00'),(139,1,1,6,9,'FLAKX-VP',0.0000,0.0000,'0000-00-00'),(140,1,0,6,10,'FLAKX-x2A',0.0000,0.0000,'0000-00-00'),(141,1,0,6,11,'FLAKX-x2B',0.0000,0.0000,'0000-00-00'),(142,1,0,6,12,'FLAKX-x2C',0.0000,0.0000,'0000-00-00'),(143,1,0,6,13,'FLAKX-x2D',0.0000,0.0000,'0000-00-00'),(144,1,0,6,14,'FLAKX-x2E',0.0000,0.0000,'0000-00-00'),(145,1,0,6,15,'FLAKX-x2F',0.0000,0.0000,'0000-00-00'),(146,1,0,6,16,'FLAKX-x2G',0.0000,0.0000,'0000-00-00'),(147,1,0,6,17,'FLAKX-x2H',0.0000,0.0000,'0000-00-00'),(148,1,0,6,18,'FLAKX-x3A-IB',0.0000,0.0000,'0000-00-00'),(149,1,0,6,19,'FLAKX-x3B',0.0000,0.0000,'0000-00-00'),(150,1,0,6,20,'FLAKX-x3C',0.0000,0.0000,'0000-00-00'),(151,1,0,6,21,'FLAKX-x3D-IB',0.0000,0.0000,'0000-00-00'),(152,1,0,6,22,'FLAKX-x3E',0.0000,0.0000,'0000-00-00'),(153,1,0,6,23,'FLAKX-x3F',0.0000,0.0000,'0000-00-00'),(154,1,0,6,24,'FLAKX-x3G',0.0000,0.0000,'0000-00-00'),(155,1,0,6,25,'FLAKX-x3H-IB',0.0000,0.0000,'0000-00-00'),(156,1,0,6,26,'FLAKX-x3A-DB',0.0000,0.0000,'0000-00-00'),(157,1,1,7,1,'FULEC-24K',0.0000,0.0000,'0000-00-00'),(158,1,1,7,2,'FULEC-DB',0.0000,0.0000,'0000-00-00'),(159,1,1,7,3,'FULEC-EB',0.0000,0.0000,'0000-00-00'),(160,1,1,7,4,'FULEC-EG',0.0000,0.0000,'0000-00-00'),(161,1,1,7,5,'FULEC-FR',0.0000,0.0000,'0000-00-00'),(162,1,1,7,6,'FULEC-IB',0.0000,0.0000,'0000-00-00'),(163,1,1,7,7,'FULEC-SB',0.0000,0.0000,'0000-00-00'),(164,1,1,7,8,'FULEC-TI',0.0000,0.0000,'0000-00-00'),(165,1,1,7,9,'FULEC-VP',0.0000,0.0000,'0000-00-00'),(166,1,0,7,10,'FULEC-x2A',0.0000,0.0000,'0000-00-00'),(167,1,0,7,11,'FULEC-x2B',0.0000,0.0000,'0000-00-00'),(168,1,0,7,12,'FULEC-x2C',0.0000,0.0000,'0000-00-00'),(169,1,0,7,13,'FULEC-x2D',0.0000,0.0000,'0000-00-00'),(170,1,0,7,14,'FULEC-x2E',0.0000,0.0000,'0000-00-00'),(171,1,0,7,15,'FULEC-x2F',0.0000,0.0000,'0000-00-00'),(172,1,0,7,16,'FULEC-x2G',0.0000,0.0000,'0000-00-00'),(173,1,0,7,17,'FULEC-x2H',0.0000,0.0000,'0000-00-00'),(174,1,0,7,18,'FULEC-x3A-IB',0.0000,0.0000,'0000-00-00'),(175,1,0,7,19,'FULEC-x3B',0.0000,0.0000,'0000-00-00'),(176,1,0,7,20,'FULEC-x3C',0.0000,0.0000,'0000-00-00'),(177,1,0,7,21,'FULEC-x3D-IB',0.0000,0.0000,'0000-00-00'),(178,1,0,7,22,'FULEC-x3E',0.0000,0.0000,'0000-00-00'),(179,1,0,7,23,'FULEC-x3F',0.0000,0.0000,'0000-00-00'),(180,1,0,7,24,'FULEC-x3G',0.0000,0.0000,'0000-00-00'),(181,1,0,7,25,'FULEC-x3H-IB',0.0000,0.0000,'0000-00-00'),(182,1,0,7,26,'FULEC-x3A-DB',0.0000,0.0000,'0000-00-00'),(183,1,1,8,1,'GASCA-24K',0.0000,0.0000,'0000-00-00'),(184,1,1,8,2,'GASCA-DB',0.0000,0.0000,'0000-00-00'),(185,1,1,8,3,'GASCA-EB',0.0000,0.0000,'0000-00-00'),(186,1,1,8,4,'GASCA-EG',0.0000,0.0000,'0000-00-00'),(187,1,1,8,5,'GASCA-FR',0.0000,0.0000,'0000-00-00'),(188,1,1,8,6,'GASCA-IB',0.0000,0.0000,'0000-00-00'),(189,1,1,8,7,'GASCA-SB',0.0000,0.0000,'0000-00-00'),(190,1,1,8,8,'GASCA-TI',0.0000,0.0000,'0000-00-00'),(191,1,1,8,9,'GASCA-VP',0.0000,0.0000,'0000-00-00'),(192,1,0,8,10,'GASCA-x2A',0.0000,0.0000,'0000-00-00'),(193,1,0,8,11,'GASCA-x2B',0.0000,0.0000,'0000-00-00'),(194,1,0,8,12,'GASCA-x2C',0.0000,0.0000,'0000-00-00'),(195,1,0,8,13,'GASCA-x2D',0.0000,0.0000,'0000-00-00'),(196,1,0,8,14,'GASCA-x2E',0.0000,0.0000,'0000-00-00'),(197,1,0,8,15,'GASCA-x2F',0.0000,0.0000,'0000-00-00'),(198,1,0,8,16,'GASCA-x2G',0.0000,0.0000,'0000-00-00'),(199,1,0,8,17,'GASCA-x2H',0.0000,0.0000,'0000-00-00'),(200,1,0,8,18,'GASCA-x3A-IB',0.0000,0.0000,'0000-00-00'),(201,1,0,8,19,'GASCA-x3B',0.0000,0.0000,'0000-00-00'),(202,1,0,8,20,'GASCA-x3C',0.0000,0.0000,'0000-00-00'),(203,1,0,8,21,'GASCA-x3D-IB',0.0000,0.0000,'0000-00-00'),(204,1,0,8,22,'GASCA-x3E',0.0000,0.0000,'0000-00-00'),(205,1,0,8,23,'GASCA-x3F',0.0000,0.0000,'0000-00-00'),(206,1,0,8,24,'GASCA-x3G',0.0000,0.0000,'0000-00-00'),(207,1,0,8,25,'GASCA-x3H-IB',0.0000,0.0000,'0000-00-00'),(208,1,0,8,26,'GASCA-x3A-DB',0.0000,0.0000,'0000-00-00'),(209,1,1,9,1,'HAL2X-24K',0.0000,0.0000,'0000-00-00'),(210,1,1,9,2,'HAL2X-DB',0.0000,0.0000,'0000-00-00'),(211,1,1,9,3,'HAL2X-EB',0.0000,0.0000,'0000-00-00'),(212,1,1,9,4,'HAL2X-EG',0.0000,0.0000,'0000-00-00'),(213,1,1,9,5,'HAL2X-FR',0.0000,0.0000,'0000-00-00'),(214,1,1,9,6,'HAL2X-IB',0.0000,0.0000,'0000-00-00'),(215,1,1,9,7,'HAL2X-SB',0.0000,0.0000,'0000-00-00'),(216,1,1,9,8,'HAL2X-TI',0.0000,0.0000,'0000-00-00'),(217,1,1,9,9,'HAL2X-VP',0.0000,0.0000,'0000-00-00'),(218,1,0,9,10,'HAL2X-x2A',0.0000,0.0000,'0000-00-00'),(219,1,0,9,11,'HAL2X-x2B',0.0000,0.0000,'0000-00-00'),(220,1,0,9,12,'HAL2X-x2C',0.0000,0.0000,'0000-00-00'),(221,1,0,9,13,'HAL2X-x2D',0.0000,0.0000,'0000-00-00'),(222,1,0,9,14,'HAL2X-x2E',0.0000,0.0000,'0000-00-00'),(223,1,0,9,15,'HAL2X-x2F',0.0000,0.0000,'0000-00-00'),(224,1,0,9,16,'HAL2X-x2G',0.0000,0.0000,'0000-00-00'),(225,1,0,9,17,'HAL2X-x2H',0.0000,0.0000,'0000-00-00'),(226,1,0,9,18,'HAL2X-x3A-IB',0.0000,0.0000,'0000-00-00'),(227,1,0,9,19,'HAL2X-x3B',0.0000,0.0000,'0000-00-00'),(228,1,0,9,20,'HAL2X-x3C',0.0000,0.0000,'0000-00-00'),(229,1,0,9,21,'HAL2X-x3D-IB',0.0000,0.0000,'0000-00-00'),(230,1,0,9,22,'HAL2X-x3E',0.0000,0.0000,'0000-00-00'),(231,1,0,9,23,'HAL2X-x3F',0.0000,0.0000,'0000-00-00'),(232,1,0,9,24,'HAL2X-x3G',0.0000,0.0000,'0000-00-00'),(233,1,0,9,25,'HAL2X-x3H-IB',0.0000,0.0000,'0000-00-00'),(234,1,0,9,26,'HAL2X-x3A-DB',0.0000,0.0000,'0000-00-00'),(235,1,1,10,1,'HOLBR-24K',0.0000,0.0000,'0000-00-00'),(236,1,1,10,2,'HOLBR-DB',0.0000,0.0000,'0000-00-00'),(237,1,1,10,3,'HOLBR-EB',0.0000,0.0000,'0000-00-00'),(238,1,1,10,4,'HOLBR-EG',0.0000,0.0000,'0000-00-00'),(239,1,1,10,5,'HOLBR-FR',0.0000,0.0000,'0000-00-00'),(240,1,1,10,6,'HOLBR-IB',0.0000,0.0000,'0000-00-00'),(241,1,1,10,7,'HOLBR-SB',0.0000,0.0000,'0000-00-00'),(242,1,1,10,8,'HOLBR-TI',0.0000,0.0000,'0000-00-00'),(243,1,1,10,9,'HOLBR-VP',0.0000,0.0000,'0000-00-00'),(244,1,0,10,10,'HOLBR-x2A',0.0000,0.0000,'0000-00-00'),(245,1,0,10,11,'HOLBR-x2B',0.0000,0.0000,'0000-00-00'),(246,1,0,10,12,'HOLBR-x2C',0.0000,0.0000,'0000-00-00'),(247,1,0,10,13,'HOLBR-x2D',0.0000,0.0000,'0000-00-00'),(248,1,0,10,14,'HOLBR-x2E',0.0000,0.0000,'0000-00-00'),(249,1,0,10,15,'HOLBR-x2F',0.0000,0.0000,'0000-00-00'),(250,1,0,10,16,'HOLBR-x2G',0.0000,0.0000,'0000-00-00'),(251,1,0,10,17,'HOLBR-x2H',0.0000,0.0000,'0000-00-00'),(252,1,0,10,18,'HOLBR-x3A-IB',0.0000,0.0000,'0000-00-00'),(253,1,0,10,19,'HOLBR-x3B',0.0000,0.0000,'0000-00-00'),(254,1,0,10,20,'HOLBR-x3C',0.0000,0.0000,'0000-00-00'),(255,1,0,10,21,'HOLBR-x3D-IB',0.0000,0.0000,'0000-00-00'),(256,1,0,10,22,'HOLBR-x3E',0.0000,0.0000,'0000-00-00'),(257,1,0,10,23,'HOLBR-x3F',0.0000,0.0000,'0000-00-00'),(258,1,0,10,24,'HOLBR-x3G',0.0000,0.0000,'0000-00-00'),(259,1,0,10,25,'HOLBR-x3H-IB',0.0000,0.0000,'0000-00-00'),(260,1,0,10,26,'HOLBR-x3A-DB',0.0000,0.0000,'0000-00-00'),(261,1,1,11,1,'JAWBN-24K',0.0000,0.0000,'0000-00-00'),(262,1,1,11,2,'JAWBN-DB',0.0000,0.0000,'0000-00-00'),(263,1,1,11,3,'JAWBN-EB',0.0000,0.0000,'0000-00-00'),(264,1,1,11,4,'JAWBN-EG',0.0000,0.0000,'0000-00-00'),(265,1,1,11,5,'JAWBN-FR',0.0000,0.0000,'0000-00-00'),(266,1,1,11,6,'JAWBN-IB',0.0000,0.0000,'0000-00-00'),(267,1,1,11,7,'JAWBN-SB',0.0000,0.0000,'0000-00-00'),(268,1,1,11,8,'JAWBN-TI',0.0000,0.0000,'0000-00-00'),(269,1,1,11,9,'JAWBN-VP',0.0000,0.0000,'0000-00-00'),(270,1,0,11,10,'JAWBN-x2A',0.0000,0.0000,'0000-00-00'),(271,1,0,11,11,'JAWBN-x2B',0.0000,0.0000,'0000-00-00'),(272,1,0,11,12,'JAWBN-x2C',0.0000,0.0000,'0000-00-00'),(273,1,0,11,13,'JAWBN-x2D',0.0000,0.0000,'0000-00-00'),(274,1,0,11,14,'JAWBN-x2E',0.0000,0.0000,'0000-00-00'),(275,1,0,11,15,'JAWBN-x2F',0.0000,0.0000,'0000-00-00'),(276,1,0,11,16,'JAWBN-x2G',0.0000,0.0000,'0000-00-00'),(277,1,0,11,17,'JAWBN-x2H',0.0000,0.0000,'0000-00-00'),(278,1,0,11,18,'JAWBN-x3A-IB',0.0000,0.0000,'0000-00-00'),(279,1,0,11,19,'JAWBN-x3B',0.0000,0.0000,'0000-00-00'),(280,1,0,11,20,'JAWBN-x3C',0.0000,0.0000,'0000-00-00'),(281,1,0,11,21,'JAWBN-x3D-IB',0.0000,0.0000,'0000-00-00'),(282,1,0,11,22,'JAWBN-x3E',0.0000,0.0000,'0000-00-00'),(283,1,0,11,23,'JAWBN-x3F',0.0000,0.0000,'0000-00-00'),(284,1,0,11,24,'JAWBN-x3G',0.0000,0.0000,'0000-00-00'),(285,1,0,11,25,'JAWBN-x3H-IB',0.0000,0.0000,'0000-00-00'),(286,1,0,11,26,'JAWBN-x3A-DB',0.0000,0.0000,'0000-00-00'),(287,1,1,12,1,'M2-24K',0.0000,0.0000,'0000-00-00'),(288,1,1,12,2,'M2-DB',0.0000,0.0000,'0000-00-00'),(289,1,1,12,3,'M2-EB',0.0000,0.0000,'0000-00-00'),(290,1,1,12,4,'M2-EG',0.0000,0.0000,'0000-00-00'),(291,1,1,12,5,'M2-FR',0.0000,0.0000,'0000-00-00'),(292,1,1,12,6,'M2-IB',0.0000,0.0000,'0000-00-00'),(293,1,1,12,7,'M2-SB',0.0000,0.0000,'0000-00-00'),(294,1,1,12,8,'M2-TI',0.0000,0.0000,'0000-00-00'),(295,1,1,12,9,'M2-VP',0.0000,0.0000,'0000-00-00'),(296,1,0,12,10,'M2-x2A',0.0000,0.0000,'0000-00-00'),(297,1,0,12,11,'M2-x2B',0.0000,0.0000,'0000-00-00'),(298,1,0,12,12,'M2-x2C',0.0000,0.0000,'0000-00-00'),(299,1,0,12,13,'M2-x2D',0.0000,0.0000,'0000-00-00'),(300,1,0,12,14,'M2-x2E',0.0000,0.0000,'0000-00-00'),(301,1,0,12,15,'M2-x2F',0.0000,0.0000,'0000-00-00'),(302,1,0,12,16,'M2-x2G',0.0000,0.0000,'0000-00-00'),(303,1,0,12,17,'M2-x2H',0.0000,0.0000,'0000-00-00'),(304,1,0,12,18,'M2-x3A-IB',0.0000,0.0000,'0000-00-00'),(305,1,0,12,19,'M2-x3B',0.0000,0.0000,'0000-00-00'),(306,1,0,12,20,'M2-x3C',0.0000,0.0000,'0000-00-00'),(307,1,0,12,21,'M2-x3D-IB',0.0000,0.0000,'0000-00-00'),(308,1,0,12,22,'M2-x3E',0.0000,0.0000,'0000-00-00'),(309,1,0,12,23,'M2-x3F',0.0000,0.0000,'0000-00-00'),(310,1,0,12,24,'M2-x3G',0.0000,0.0000,'0000-00-00'),(311,1,0,12,25,'M2-x3H-IB',0.0000,0.0000,'0000-00-00'),(312,1,0,12,26,'M2-x3A-DB',0.0000,0.0000,'0000-00-00'),(313,1,1,13,1,'MFHTR-24K',0.0000,0.0000,'0000-00-00'),(314,1,1,13,2,'MFHTR-DB',0.0000,0.0000,'0000-00-00'),(315,1,1,13,3,'MFHTR-EB',0.0000,0.0000,'0000-00-00'),(316,1,1,13,4,'MFHTR-EG',0.0000,0.0000,'0000-00-00'),(317,1,1,13,5,'MFHTR-FR',0.0000,0.0000,'0000-00-00'),(318,1,1,13,6,'MFHTR-IB',0.0000,0.0000,'0000-00-00'),(319,1,1,13,7,'MFHTR-SB',0.0000,0.0000,'0000-00-00'),(320,1,1,13,8,'MFHTR-TI',0.0000,0.0000,'0000-00-00'),(321,1,1,13,9,'MFHTR-VP',0.0000,0.0000,'0000-00-00'),(322,1,0,13,10,'MFHTR-x2A',0.0000,0.0000,'0000-00-00'),(323,1,0,13,11,'MFHTR-x2B',0.0000,0.0000,'0000-00-00'),(324,1,0,13,12,'MFHTR-x2C',0.0000,0.0000,'0000-00-00'),(325,1,0,13,13,'MFHTR-x2D',0.0000,0.0000,'0000-00-00'),(326,1,0,13,14,'MFHTR-x2E',0.0000,0.0000,'0000-00-00'),(327,1,0,13,15,'MFHTR-x2F',0.0000,0.0000,'0000-00-00'),(328,1,0,13,16,'MFHTR-x2G',0.0000,0.0000,'0000-00-00'),(329,1,0,13,17,'MFHTR-x2H',0.0000,0.0000,'0000-00-00'),(330,1,0,13,18,'MFHTR-x3A-IB',0.0000,0.0000,'0000-00-00'),(331,1,0,13,19,'MFHTR-x3B',0.0000,0.0000,'0000-00-00'),(332,1,0,13,20,'MFHTR-x3C',0.0000,0.0000,'0000-00-00'),(333,1,0,13,21,'MFHTR-x3D-IB',0.0000,0.0000,'0000-00-00'),(334,1,0,13,22,'MFHTR-x3E',0.0000,0.0000,'0000-00-00'),(335,1,0,13,23,'MFHTR-x3F',0.0000,0.0000,'0000-00-00'),(336,1,0,13,24,'MFHTR-x3G',0.0000,0.0000,'0000-00-00'),(337,1,0,13,25,'MFHTR-x3H-IB',0.0000,0.0000,'0000-00-00'),(338,1,0,13,26,'MFHTR-x3A-DB',0.0000,0.0000,'0000-00-00'),(339,1,1,14,1,'MFSWP-24K',0.0000,0.0000,'0000-00-00'),(340,1,1,14,2,'MFSWP-DB',0.0000,0.0000,'0000-00-00'),(341,1,1,14,3,'MFSWP-EB',0.0000,0.0000,'0000-00-00'),(342,1,1,14,4,'MFSWP-EG',0.0000,0.0000,'0000-00-00'),(343,1,1,14,5,'MFSWP-FR',0.0000,0.0000,'0000-00-00'),(344,1,1,14,6,'MFSWP-IB',0.0000,0.0000,'0000-00-00'),(345,1,1,14,7,'MFSWP-SB',0.0000,0.0000,'0000-00-00'),(346,1,1,14,8,'MFSWP-TI',0.0000,0.0000,'0000-00-00'),(347,1,1,14,9,'MFSWP-VP',0.0000,0.0000,'0000-00-00'),(348,1,0,14,10,'MFSWP-x2A',0.0000,0.0000,'0000-00-00'),(349,1,0,14,11,'MFSWP-x2B',0.0000,0.0000,'0000-00-00'),(350,1,0,14,12,'MFSWP-x2C',0.0000,0.0000,'0000-00-00'),(351,1,0,14,13,'MFSWP-x2D',0.0000,0.0000,'0000-00-00'),(352,1,0,14,14,'MFSWP-x2E',0.0000,0.0000,'0000-00-00'),(353,1,0,14,15,'MFSWP-x2F',0.0000,0.0000,'0000-00-00'),(354,1,0,14,16,'MFSWP-x2G',0.0000,0.0000,'0000-00-00'),(355,1,0,14,17,'MFSWP-x2H',0.0000,0.0000,'0000-00-00'),(356,1,0,14,18,'MFSWP-x3A-IB',0.0000,0.0000,'0000-00-00'),(357,1,0,14,19,'MFSWP-x3B',0.0000,0.0000,'0000-00-00'),(358,1,0,14,20,'MFSWP-x3C',0.0000,0.0000,'0000-00-00'),(359,1,0,14,21,'MFSWP-x3D-IB',0.0000,0.0000,'0000-00-00'),(360,1,0,14,22,'MFSWP-x3E',0.0000,0.0000,'0000-00-00'),(361,1,0,14,23,'MFSWP-x3F',0.0000,0.0000,'0000-00-00'),(362,1,0,14,24,'MFSWP-x3G',0.0000,0.0000,'0000-00-00'),(363,1,0,14,25,'MFSWP-x3H-IB',0.0000,0.0000,'0000-00-00'),(364,1,0,14,26,'MFSWP-x3A-DB',0.0000,0.0000,'0000-00-00'),(365,1,1,15,1,'OFFSH-24K',0.0000,0.0000,'0000-00-00'),(366,1,1,15,2,'OFFSH-DB',0.0000,0.0000,'0000-00-00'),(367,1,1,15,3,'OFFSH-EB',0.0000,0.0000,'0000-00-00'),(368,1,1,15,4,'OFFSH-EG',0.0000,0.0000,'0000-00-00'),(369,1,1,15,5,'OFFSH-FR',0.0000,0.0000,'0000-00-00'),(370,1,1,15,6,'OFFSH-IB',0.0000,0.0000,'0000-00-00'),(371,1,1,15,7,'OFFSH-SB',0.0000,0.0000,'0000-00-00'),(372,1,1,15,8,'OFFSH-TI',0.0000,0.0000,'0000-00-00'),(373,1,1,15,9,'OFFSH-VP',0.0000,0.0000,'0000-00-00'),(374,1,0,15,10,'OFFSH-x2A',0.0000,0.0000,'0000-00-00'),(375,1,0,15,11,'OFFSH-x2B',0.0000,0.0000,'0000-00-00'),(376,1,0,15,12,'OFFSH-x2C',0.0000,0.0000,'0000-00-00'),(377,1,0,15,13,'OFFSH-x2D',0.0000,0.0000,'0000-00-00'),(378,1,0,15,14,'OFFSH-x2E',0.0000,0.0000,'0000-00-00'),(379,1,0,15,15,'OFFSH-x2F',0.0000,0.0000,'0000-00-00'),(380,1,0,15,16,'OFFSH-x2G',0.0000,0.0000,'0000-00-00'),(381,1,0,15,17,'OFFSH-x2H',0.0000,0.0000,'0000-00-00'),(382,1,0,15,18,'OFFSH-x3A-IB',0.0000,0.0000,'0000-00-00'),(383,1,0,15,19,'OFFSH-x3B',0.0000,0.0000,'0000-00-00'),(384,1,0,15,20,'OFFSH-x3C',0.0000,0.0000,'0000-00-00'),(385,1,0,15,21,'OFFSH-x3D-IB',0.0000,0.0000,'0000-00-00'),(386,1,0,15,22,'OFFSH-x3E',0.0000,0.0000,'0000-00-00'),(387,1,0,15,23,'OFFSH-x3F',0.0000,0.0000,'0000-00-00'),(388,1,0,15,24,'OFFSH-x3G',0.0000,0.0000,'0000-00-00'),(389,1,0,15,25,'OFFSH-x3H-IB',0.0000,0.0000,'0000-00-00'),(390,1,0,15,26,'OFFSH-x3A-DB',0.0000,0.0000,'0000-00-00'),(391,1,1,16,1,'OILRI-24K',0.0000,0.0000,'0000-00-00'),(392,1,1,16,2,'OILRI-DB',0.0000,0.0000,'0000-00-00'),(393,1,1,16,3,'OILRI-EB',0.0000,0.0000,'0000-00-00'),(394,1,1,16,4,'OILRI-EG',0.0000,0.0000,'0000-00-00'),(395,1,1,16,5,'OILRI-FR',0.0000,0.0000,'0000-00-00'),(396,1,1,16,6,'OILRI-IB',0.0000,0.0000,'0000-00-00'),(397,1,1,16,7,'OILRI-SB',0.0000,0.0000,'0000-00-00'),(398,1,1,16,8,'OILRI-TI',0.0000,0.0000,'0000-00-00'),(399,1,1,16,9,'OILRI-VP',0.0000,0.0000,'0000-00-00'),(400,1,0,16,10,'OILRI-x2A',0.0000,0.0000,'0000-00-00'),(401,1,0,16,11,'OILRI-x2B',0.0000,0.0000,'0000-00-00'),(402,1,0,16,12,'OILRI-x2C',0.0000,0.0000,'0000-00-00'),(403,1,0,16,13,'OILRI-x2D',0.0000,0.0000,'0000-00-00'),(404,1,0,16,14,'OILRI-x2E',0.0000,0.0000,'0000-00-00'),(405,1,0,16,15,'OILRI-x2F',0.0000,0.0000,'0000-00-00'),(406,1,0,16,16,'OILRI-x2G',0.0000,0.0000,'0000-00-00'),(407,1,0,16,17,'OILRI-x2H',0.0000,0.0000,'0000-00-00'),(408,1,0,16,18,'OILRI-x3A-IB',0.0000,0.0000,'0000-00-00'),(409,1,0,16,19,'OILRI-x3B',0.0000,0.0000,'0000-00-00'),(410,1,0,16,20,'OILRI-x3C',0.0000,0.0000,'0000-00-00'),(411,1,0,16,21,'OILRI-x3D-IB',0.0000,0.0000,'0000-00-00'),(412,1,0,16,22,'OILRI-x3E',0.0000,0.0000,'0000-00-00'),(413,1,0,16,23,'OILRI-x3F',0.0000,0.0000,'0000-00-00'),(414,1,0,16,24,'OILRI-x3G',0.0000,0.0000,'0000-00-00'),(415,1,0,16,25,'OILRI-x3H-IB',0.0000,0.0000,'0000-00-00'),(416,1,0,16,26,'OILRI-x3A-DB',0.0000,0.0000,'0000-00-00'),(417,1,1,17,1,'RADED-24K',0.0000,0.0000,'0000-00-00'),(418,1,1,17,2,'RADED-DB',0.0000,0.0000,'0000-00-00'),(419,1,1,17,3,'RADED-EB',0.0000,0.0000,'0000-00-00'),(420,1,1,17,4,'RADED-EG',0.0000,0.0000,'0000-00-00'),(421,1,1,17,5,'RADED-FR',0.0000,0.0000,'0000-00-00'),(422,1,1,17,6,'RADED-IB',0.0000,0.0000,'0000-00-00'),(423,1,1,17,7,'RADED-SB',0.0000,0.0000,'0000-00-00'),(424,1,1,17,8,'RADED-TI',0.0000,0.0000,'0000-00-00'),(425,1,1,17,9,'RADED-VP',0.0000,0.0000,'0000-00-00'),(426,1,0,17,10,'RADED-x2A',0.0000,0.0000,'0000-00-00'),(427,1,0,17,11,'RADED-x2B',0.0000,0.0000,'0000-00-00'),(428,1,0,17,12,'RADED-x2C',0.0000,0.0000,'0000-00-00'),(429,1,0,17,13,'RADED-x2D',0.0000,0.0000,'0000-00-00'),(430,1,0,17,14,'RADED-x2E',0.0000,0.0000,'0000-00-00'),(431,1,0,17,15,'RADED-x2F',0.0000,0.0000,'0000-00-00'),(432,1,0,17,16,'RADED-x2G',0.0000,0.0000,'0000-00-00'),(433,1,0,17,17,'RADED-x2H',0.0000,0.0000,'0000-00-00'),(434,1,0,17,18,'RADED-x3A-IB',0.0000,0.0000,'0000-00-00'),(435,1,0,17,19,'RADED-x3B',0.0000,0.0000,'0000-00-00'),(436,1,0,17,20,'RADED-x3C',0.0000,0.0000,'0000-00-00'),(437,1,0,17,21,'RADED-x3D-IB',0.0000,0.0000,'0000-00-00'),(438,1,0,17,22,'RADED-x3E',0.0000,0.0000,'0000-00-00'),(439,1,0,17,23,'RADED-x3F',0.0000,0.0000,'0000-00-00'),(440,1,0,17,24,'RADED-x3G',0.0000,0.0000,'0000-00-00'),(441,1,0,17,25,'RADED-x3H-IB',0.0000,0.0000,'0000-00-00'),(442,1,0,17,26,'RADED-x3A-DB',0.0000,0.0000,'0000-00-00'),(443,1,1,18,1,'RADPA-24K',0.0000,0.0000,'0000-00-00'),(444,1,1,18,2,'RADPA-DB',0.0000,0.0000,'0000-00-00'),(445,1,1,18,3,'RADPA-EB',0.0000,0.0000,'0000-00-00'),(446,1,1,18,4,'RADPA-EG',0.0000,0.0000,'0000-00-00'),(447,1,1,18,5,'RADPA-FR',0.0000,0.0000,'0000-00-00'),(448,1,1,18,6,'RADPA-IB',0.0000,0.0000,'0000-00-00'),(449,1,1,18,7,'RADPA-SB',0.0000,0.0000,'0000-00-00'),(450,1,1,18,8,'RADPA-TI',0.0000,0.0000,'0000-00-00'),(451,1,1,18,9,'RADPA-VP',0.0000,0.0000,'0000-00-00'),(452,1,0,18,10,'RADPA-x2A',0.0000,0.0000,'0000-00-00'),(453,1,0,18,11,'RADPA-x2B',0.0000,0.0000,'0000-00-00'),(454,1,0,18,12,'RADPA-x2C',0.0000,0.0000,'0000-00-00'),(455,1,0,18,13,'RADPA-x2D',0.0000,0.0000,'0000-00-00'),(456,1,0,18,14,'RADPA-x2E',0.0000,0.0000,'0000-00-00'),(457,1,0,18,15,'RADPA-x2F',0.0000,0.0000,'0000-00-00'),(458,1,0,18,16,'RADPA-x2G',0.0000,0.0000,'0000-00-00'),(459,1,0,18,17,'RADPA-x2H',0.0000,0.0000,'0000-00-00'),(460,1,0,18,18,'RADPA-x3A-IB',0.0000,0.0000,'0000-00-00'),(461,1,0,18,19,'RADPA-x3B',0.0000,0.0000,'0000-00-00'),(462,1,0,18,20,'RADPA-x3C',0.0000,0.0000,'0000-00-00'),(463,1,0,18,21,'RADPA-x3D-IB',0.0000,0.0000,'0000-00-00'),(464,1,0,18,22,'RADPA-x3E',0.0000,0.0000,'0000-00-00'),(465,1,0,18,23,'RADPA-x3F',0.0000,0.0000,'0000-00-00'),(466,1,0,18,24,'RADPA-x3G',0.0000,0.0000,'0000-00-00'),(467,1,0,18,25,'RADPA-x3H-IB',0.0000,0.0000,'0000-00-00'),(468,1,0,18,26,'RADPA-x3A-DB',0.0000,0.0000,'0000-00-00'),(469,1,1,19,1,'RAD(L)ED-24K',0.0000,0.0000,'0000-00-00'),(470,1,1,19,2,'RAD(L)ED-DB',0.0000,0.0000,'0000-00-00'),(471,1,1,19,3,'RAD(L)ED-EB',0.0000,0.0000,'0000-00-00'),(472,1,1,19,4,'RAD(L)ED-EG',0.0000,0.0000,'0000-00-00'),(473,1,1,19,5,'RAD(L)ED-FR',0.0000,0.0000,'0000-00-00'),(474,1,1,19,6,'RAD(L)ED-IB',0.0000,0.0000,'0000-00-00'),(475,1,1,19,7,'RAD(L)ED-SB',0.0000,0.0000,'0000-00-00'),(476,1,1,19,8,'RAD(L)ED-TI',0.0000,0.0000,'0000-00-00'),(477,1,1,19,9,'RAD(L)ED-VP',0.0000,0.0000,'0000-00-00'),(478,1,0,19,10,'RAD(L)ED-x2A',0.0000,0.0000,'0000-00-00'),(479,1,0,19,11,'RAD(L)ED-x2B',0.0000,0.0000,'0000-00-00'),(480,1,0,19,12,'RAD(L)ED-x2C',0.0000,0.0000,'0000-00-00'),(481,1,0,19,13,'RAD(L)ED-x2D',0.0000,0.0000,'0000-00-00'),(482,1,0,19,14,'RAD(L)ED-x2E',0.0000,0.0000,'0000-00-00'),(483,1,0,19,15,'RAD(L)ED-x2F',0.0000,0.0000,'0000-00-00'),(484,1,0,19,16,'RAD(L)ED-x2G',0.0000,0.0000,'0000-00-00'),(485,1,0,19,17,'RAD(L)ED-x2H',0.0000,0.0000,'0000-00-00'),(486,1,0,19,18,'RAD(L)ED-x3A-IB',0.0000,0.0000,'0000-00-00'),(487,1,0,19,19,'RAD(L)ED-x3B',0.0000,0.0000,'0000-00-00'),(488,1,0,19,20,'RAD(L)ED-x3C',0.0000,0.0000,'0000-00-00'),(489,1,0,19,21,'RAD(L)ED-x3D-IB',0.0000,0.0000,'0000-00-00'),(490,1,0,19,22,'RAD(L)ED-x3E',0.0000,0.0000,'0000-00-00'),(491,1,0,19,23,'RAD(L)ED-x3F',0.0000,0.0000,'0000-00-00'),(492,1,0,19,24,'RAD(L)ED-x3G',0.0000,0.0000,'0000-00-00'),(493,1,0,19,25,'RAD(L)ED-x3H-IB',0.0000,0.0000,'0000-00-00'),(494,1,0,19,26,'RAD(L)ED-x3A-DB',0.0000,0.0000,'0000-00-00'),(495,1,1,20,1,'RAD(L)PA-24K',0.0000,0.0000,'0000-00-00'),(496,1,1,20,2,'RAD(L)PA-DB',0.0000,0.0000,'0000-00-00'),(497,1,1,20,3,'RAD(L)PA-EB',0.0000,0.0000,'0000-00-00'),(498,1,1,20,4,'RAD(L)PA-EG',0.0000,0.0000,'0000-00-00'),(499,1,1,20,5,'RAD(L)PA-FR',0.0000,0.0000,'0000-00-00'),(500,1,1,20,6,'RAD(L)PA-IB',0.0000,0.0000,'0000-00-00'),(501,1,1,20,7,'RAD(L)PA-SB',0.0000,0.0000,'0000-00-00'),(502,1,1,20,8,'RAD(L)PA-TI',0.0000,0.0000,'0000-00-00'),(503,1,1,20,9,'RAD(L)PA-VP',0.0000,0.0000,'0000-00-00'),(504,1,0,20,10,'RAD(L)PA-x2A',0.0000,0.0000,'0000-00-00'),(505,1,0,20,11,'RAD(L)PA-x2B',0.0000,0.0000,'0000-00-00'),(506,1,0,20,12,'RAD(L)PA-x2C',0.0000,0.0000,'0000-00-00'),(507,1,0,20,13,'RAD(L)PA-x2D',0.0000,0.0000,'0000-00-00'),(508,1,0,20,14,'RAD(L)PA-x2E',0.0000,0.0000,'0000-00-00'),(509,1,0,20,15,'RAD(L)PA-x2F',0.0000,0.0000,'0000-00-00'),(510,1,0,20,16,'RAD(L)PA-x2G',0.0000,0.0000,'0000-00-00'),(511,1,0,20,17,'RAD(L)PA-x2H',0.0000,0.0000,'0000-00-00'),(512,1,0,20,18,'RAD(L)PA-x3A-IB',0.0000,0.0000,'0000-00-00'),(513,1,0,20,19,'RAD(L)PA-x3B',0.0000,0.0000,'0000-00-00'),(514,1,0,20,20,'RAD(L)PA-x3C',0.0000,0.0000,'0000-00-00'),(515,1,0,20,21,'RAD(L)PA-x3D-IB',0.0000,0.0000,'0000-00-00'),(516,1,0,20,22,'RAD(L)PA-x3E',0.0000,0.0000,'0000-00-00'),(517,1,0,20,23,'RAD(L)PA-x3F',0.0000,0.0000,'0000-00-00'),(518,1,0,20,24,'RAD(L)PA-x3G',0.0000,0.0000,'0000-00-00'),(519,1,0,20,25,'RAD(L)PA-x3H-IB',0.0000,0.0000,'0000-00-00'),(520,1,0,20,26,'RAD(L)PA-x3A-DB',0.0000,0.0000,'0000-00-00');
/*!40000 ALTER TABLE `store_item` ENABLE KEYS */;
UNLOCK TABLES;

--
-- Table structure for table `stores`
--

DROP TABLE IF EXISTS `stores`;
/*!40101 SET @saved_cs_client     = @@character_set_client */;
/*!40101 SET character_set_client = utf8 */;
CREATE TABLE `stores` (
  `id` int(11) unsigned NOT NULL AUTO_INCREMENT,
  `name` varchar(255) NOT NULL DEFAULT '',
  `account_id` int(11) unsigned NOT NULL DEFAULT '0',
  `marketplace_id` int(11) unsigned NOT NULL DEFAULT '0',
  `warehouse_id` int(11) unsigned NOT NULL DEFAULT '0',
  `sales_fees_pect` decimal(18,4) NOT NULL DEFAULT '0.0000',
  `sales_fees_fixed` decimal(18,4) NOT NULL DEFAULT '0.0000',
  `paypal_fees_pect` decimal(18,4) NOT NULL DEFAULT '0.0000',
  `paypal_fees_fixed` decimal(18,4) NOT NULL DEFAULT '0.0000',
  PRIMARY KEY (`id`)
) ENGINE=MyISAM AUTO_INCREMENT=2 DEFAULT CHARSET=utf8;
/*!40101 SET character_set_client = @saved_cs_client */;

--
-- Dumping data for table `stores`
--

LOCK TABLES `stores` WRITE;
/*!40000 ALTER TABLE `stores` DISABLE KEYS */;
INSERT INTO `stores` VALUES (1,'test',3,1,1,0.0000,0.0000,0.0000,0.0000);
/*!40000 ALTER TABLE `stores` ENABLE KEYS */;
UNLOCK TABLES;

--
-- Table structure for table `suppliers`
--

DROP TABLE IF EXISTS `suppliers`;
/*!40101 SET @saved_cs_client     = @@character_set_client */;
/*!40101 SET character_set_client = utf8 */;
CREATE TABLE `suppliers` (
  `id` int(11) unsigned NOT NULL AUTO_INCREMENT,
  `name` varchar(255) NOT NULL DEFAULT '',
  `tel_no` varchar(30) NOT NULL DEFAULT '',
  `fax_no` varchar(30) NOT NULL DEFAULT '',
  `email` varchar(255) NOT NULL DEFAULT '',
  `website` varchar(255) NOT NULL DEFAULT '',
  `address` varchar(255) NOT NULL DEFAULT '',
  `created_date` timestamp NOT NULL DEFAULT CURRENT_TIMESTAMP,
  PRIMARY KEY (`id`)
) ENGINE=MyISAM AUTO_INCREMENT=2 DEFAULT CHARSET=utf8;
/*!40101 SET character_set_client = @saved_cs_client */;

--
-- Dumping data for table `suppliers`
--

LOCK TABLES `suppliers` WRITE;
/*!40000 ALTER TABLE `suppliers` DISABLE KEYS */;
INSERT INTO `suppliers` VALUES (1,'supplier A','testing','testing','testing','testing','testing','2017-01-08 08:10:56');
/*!40000 ALTER TABLE `suppliers` ENABLE KEYS */;
UNLOCK TABLES;

--
-- Table structure for table `transactions_cache`
--

DROP TABLE IF EXISTS `transactions_cache`;
/*!40101 SET @saved_cs_client     = @@character_set_client */;
/*!40101 SET character_set_client = utf8 */;
CREATE TABLE `transactions_cache` (
  `id` int(11) unsigned NOT NULL AUTO_INCREMENT,
  `account_id` int(11) unsigned NOT NULL DEFAULT '0',
  `store_item_id` int(11) unsigned NOT NULL DEFAULT '0',
  `buyer_reference` varchar(255) NOT NULL DEFAULT '',
  `buyer_id` varchar(255) NOT NULL DEFAULT '',
  `buyer_name` varchar(255) NOT NULL DEFAULT '',
  `tracking_number` varchar(255) NOT NULL DEFAULT '',
  `buyer_country` varchar(255) NOT NULL DEFAULT '',
  `quantity` int(11) unsigned NOT NULL DEFAULT '0',
  `selling_price` decimal(18,4) unsigned NOT NULL DEFAULT '0.0000',
  `shipping_charges_received` decimal(18,4) unsigned NOT NULL DEFAULT '0.0000',
  `payment_date` date NOT NULL DEFAULT '0000-00-00',
  `shipment_date` date NOT NULL DEFAULT '0000-00-00',
  `courier_id` int(11) unsigned NOT NULL DEFAULT '0',
  `shipping_charges_paid` decimal(18,4) unsigned NOT NULL DEFAULT '0.0000',
  `sales_id` varchar(255) NOT NULL DEFAULT '',
  `sales_fees_pect` decimal(18,4) unsigned NOT NULL DEFAULT '0.0000',
  `sales_fees_fixed` decimal(18,4) unsigned NOT NULL DEFAULT '0.0000',
  `paypal_trans_id` varchar(255) NOT NULL DEFAULT '',
  `paypal_fees_pect` decimal(18,4) unsigned NOT NULL DEFAULT '0.0000',
  `paypal_fees_fixed` decimal(18,4) unsigned NOT NULL DEFAULT '0.0000',
  PRIMARY KEY (`id`),
  UNIQUE KEY `index2` (`store_item_id`,`sales_id`),
  KEY `account_id` (`account_id`),
  KEY `paypal_trans_id` (`paypal_trans_id`)
) ENGINE=MyISAM DEFAULT CHARSET=utf8;
/*!40101 SET character_set_client = @saved_cs_client */;

--
-- Dumping data for table `transactions_cache`
--

LOCK TABLES `transactions_cache` WRITE;
/*!40000 ALTER TABLE `transactions_cache` DISABLE KEYS */;
/*!40000 ALTER TABLE `transactions_cache` ENABLE KEYS */;
UNLOCK TABLES;

--
-- Table structure for table `user_group`
--

DROP TABLE IF EXISTS `user_group`;
/*!40101 SET @saved_cs_client     = @@character_set_client */;
/*!40101 SET character_set_client = utf8 */;
CREATE TABLE `user_group` (
  `id` int(11) unsigned NOT NULL AUTO_INCREMENT,
  `name` varchar(100) NOT NULL,
  `description` varchar(255) NOT NULL,
  PRIMARY KEY (`id`)
) ENGINE=MyISAM AUTO_INCREMENT=3 DEFAULT CHARSET=utf8;
/*!40101 SET character_set_client = @saved_cs_client */;

--
-- Dumping data for table `user_group`
--

LOCK TABLES `user_group` WRITE;
/*!40000 ALTER TABLE `user_group` DISABLE KEYS */;
INSERT INTO `user_group` VALUES (1,'Administrator','Administrator with full privileges'),(2,'User','Normal user');
/*!40000 ALTER TABLE `user_group` ENABLE KEYS */;
UNLOCK TABLES;

--
-- Table structure for table `user_group_privileges`
--

DROP TABLE IF EXISTS `user_group_privileges`;
/*!40101 SET @saved_cs_client     = @@character_set_client */;
/*!40101 SET character_set_client = utf8 */;
CREATE TABLE `user_group_privileges` (
  `id` int(11) unsigned NOT NULL AUTO_INCREMENT,
  `group_id` int(11) unsigned NOT NULL DEFAULT '0',
  `priv_id` int(11) unsigned NOT NULL DEFAULT '0',
  `priv_status` tinyint(1) unsigned NOT NULL DEFAULT '0',
  PRIMARY KEY (`id`)
) ENGINE=MyISAM AUTO_INCREMENT=4 DEFAULT CHARSET=utf8;
/*!40101 SET character_set_client = @saved_cs_client */;

--
-- Dumping data for table `user_group_privileges`
--

LOCK TABLES `user_group_privileges` WRITE;
/*!40000 ALTER TABLE `user_group_privileges` DISABLE KEYS */;
INSERT INTO `user_group_privileges` VALUES (1,1,1,1),(2,2,1,0),(3,5,1,0);
/*!40000 ALTER TABLE `user_group_privileges` ENABLE KEYS */;
UNLOCK TABLES;

--
-- Table structure for table `user_privileges`
--

DROP TABLE IF EXISTS `user_privileges`;
/*!40101 SET @saved_cs_client     = @@character_set_client */;
/*!40101 SET character_set_client = utf8 */;
CREATE TABLE `user_privileges` (
  `id` int(11) unsigned NOT NULL AUTO_INCREMENT,
  `name` varchar(100) NOT NULL,
  `description` varchar(255) NOT NULL,
  PRIMARY KEY (`id`)
) ENGINE=MyISAM AUTO_INCREMENT=2 DEFAULT CHARSET=utf8;
/*!40101 SET character_set_client = @saved_cs_client */;

--
-- Dumping data for table `user_privileges`
--

LOCK TABLES `user_privileges` WRITE;
/*!40000 ALTER TABLE `user_privileges` DISABLE KEYS */;
INSERT INTO `user_privileges` VALUES (1,'settings','Allow to manage settings');
/*!40000 ALTER TABLE `user_privileges` ENABLE KEYS */;
UNLOCK TABLES;

--
-- Table structure for table `users`
--

DROP TABLE IF EXISTS `users`;
/*!40101 SET @saved_cs_client     = @@character_set_client */;
/*!40101 SET character_set_client = utf8 */;
CREATE TABLE `users` (
  `id` int(11) unsigned NOT NULL AUTO_INCREMENT,
  `username` varchar(200) NOT NULL,
  `credential` varchar(200) NOT NULL,
  `name` varchar(200) NOT NULL,
  `user_type` tinyint(1) unsigned NOT NULL DEFAULT '2',
  PRIMARY KEY (`id`),
  UNIQUE KEY `username_UNIQUE` (`username`)
) ENGINE=MyISAM AUTO_INCREMENT=2 DEFAULT CHARSET=utf8;
/*!40101 SET character_set_client = @saved_cs_client */;

--
-- Dumping data for table `users`
--

LOCK TABLES `users` WRITE;
/*!40000 ALTER TABLE `users` DISABLE KEYS */;
INSERT INTO `users` VALUES (1,'admin','123456','Administrator',1);
/*!40000 ALTER TABLE `users` ENABLE KEYS */;
UNLOCK TABLES;

--
-- Table structure for table `warehouse_item`
--

DROP TABLE IF EXISTS `warehouse_item`;
/*!40101 SET @saved_cs_client     = @@character_set_client */;
/*!40101 SET character_set_client = utf8 */;
CREATE TABLE `warehouse_item` (
  `id` int(11) unsigned NOT NULL AUTO_INCREMENT,
  `warehouse_id` int(11) unsigned NOT NULL DEFAULT '0',
  `product_id` int(11) unsigned NOT NULL DEFAULT '0',
  `item_id` int(11) unsigned NOT NULL DEFAULT '0',
  `quantity` int(11) NOT NULL DEFAULT '0',
  `skucode` varchar(100) NOT NULL DEFAULT '',
  `cost_price` decimal(18,4) NOT NULL DEFAULT '0.0000',
  `selling_price` decimal(18,4) NOT NULL DEFAULT '0.0000',
  `expire_date` date NOT NULL DEFAULT '0000-00-00',
  `min_qty` int(11) unsigned NOT NULL DEFAULT '0',
  `stop_qty` int(11) unsigned NOT NULL DEFAULT '0',
  `quantity2` int(11) NOT NULL DEFAULT '0',
  `quantity3` int(11) NOT NULL DEFAULT '0',
  PRIMARY KEY (`id`),
  UNIQUE KEY `index2` (`warehouse_id`,`product_id`,`item_id`)
) ENGINE=MyISAM AUTO_INCREMENT=181 DEFAULT CHARSET=utf8;
/*!40101 SET character_set_client = @saved_cs_client */;

--
-- Dumping data for table `warehouse_item`
--

LOCK TABLES `warehouse_item` WRITE;
/*!40000 ALTER TABLE `warehouse_item` DISABLE KEYS */;
INSERT INTO `warehouse_item` VALUES (1,1,1,1,100,'ANTIX-24K',50.0000,50.0000,'0000-00-00',0,0,0,0),(2,1,1,2,0,'ANTIX-DB',0.0000,0.0000,'0000-00-00',0,0,0,0),(3,1,1,3,0,'ANTIX-EB',0.0000,0.0000,'0000-00-00',0,0,0,0),(4,1,1,4,0,'ANTIX-EG',0.0000,0.0000,'0000-00-00',0,0,0,0),(5,1,1,5,0,'ANTIX-FR',0.0000,0.0000,'0000-00-00',0,0,0,0),(6,1,1,6,0,'ANTIX-IB',0.0000,0.0000,'0000-00-00',0,0,0,0),(7,1,1,7,0,'ANTIX-SB',0.0000,0.0000,'0000-00-00',0,0,0,0),(8,1,1,8,0,'ANTIX-TI',0.0000,0.0000,'0000-00-00',0,0,0,0),(9,1,1,9,0,'ANTIX-VP',0.0000,0.0000,'0000-00-00',0,0,0,0),(10,1,2,1,0,'BATWF-24K',0.0000,0.0000,'0000-00-00',0,0,0,0),(11,1,2,2,0,'BATWF-DB',0.0000,0.0000,'0000-00-00',0,0,0,0),(12,1,2,3,0,'BATWF-EB',0.0000,0.0000,'0000-00-00',0,0,0,0),(13,1,2,4,0,'BATWF-EG',0.0000,0.0000,'0000-00-00',0,0,0,0),(14,1,2,5,0,'BATWF-FR',0.0000,0.0000,'0000-00-00',0,0,0,0),(15,1,2,6,0,'BATWF-IB',0.0000,0.0000,'0000-00-00',0,0,0,0),(16,1,2,7,0,'BATWF-SB',0.0000,0.0000,'0000-00-00',0,0,0,0),(17,1,2,8,0,'BATWF-TI',0.0000,0.0000,'0000-00-00',0,0,0,0),(18,1,2,9,0,'BATWF-VP',0.0000,0.0000,'0000-00-00',0,0,0,0),(19,1,3,1,0,'DISP2-24K',0.0000,0.0000,'0000-00-00',0,0,0,0),(20,1,3,2,0,'DISP2-DB',0.0000,0.0000,'0000-00-00',0,0,0,0),(21,1,3,3,0,'DISP2-EB',0.0000,0.0000,'0000-00-00',0,0,0,0),(22,1,3,4,0,'DISP2-EG',0.0000,0.0000,'0000-00-00',0,0,0,0),(23,1,3,5,0,'DISP2-FR',0.0000,0.0000,'0000-00-00',0,0,0,0),(24,1,3,6,0,'DISP2-IB',0.0000,0.0000,'0000-00-00',0,0,0,0),(25,1,3,7,0,'DISP2-SB',0.0000,0.0000,'0000-00-00',0,0,0,0),(26,1,3,8,0,'DISP2-TI',0.0000,0.0000,'0000-00-00',0,0,0,0),(27,1,3,9,0,'DISP2-VP',0.0000,0.0000,'0000-00-00',0,0,0,0),(28,1,4,1,0,'EYEP2-24K',0.0000,0.0000,'0000-00-00',0,0,0,0),(29,1,4,2,0,'EYEP2-DB',0.0000,0.0000,'0000-00-00',0,0,0,0),(30,1,4,3,0,'EYEP2-EB',0.0000,0.0000,'0000-00-00',0,0,0,0),(31,1,4,4,0,'EYEP2-EG',0.0000,0.0000,'0000-00-00',0,0,0,0),(32,1,4,5,0,'EYEP2-FR',0.0000,0.0000,'0000-00-00',0,0,0,0),(33,1,4,6,0,'EYEP2-IB',0.0000,0.0000,'0000-00-00',0,0,0,0),(34,1,4,7,0,'EYEP2-SB',0.0000,0.0000,'0000-00-00',0,0,0,0),(35,1,4,8,0,'EYEP2-TI',0.0000,0.0000,'0000-00-00',0,0,0,0),(36,1,4,9,0,'EYEP2-VP',0.0000,0.0000,'0000-00-00',0,0,0,0),(37,1,5,1,0,'FASTX-24K',0.0000,0.0000,'0000-00-00',0,0,0,0),(38,1,5,2,0,'FASTX-DB',0.0000,0.0000,'0000-00-00',0,0,0,0),(39,1,5,3,0,'FASTX-EB',0.0000,0.0000,'0000-00-00',0,0,0,0),(40,1,5,4,0,'FASTX-EG',0.0000,0.0000,'0000-00-00',0,0,0,0),(41,1,5,5,0,'FASTX-FR',0.0000,0.0000,'0000-00-00',0,0,0,0),(42,1,5,6,0,'FASTX-IB',0.0000,0.0000,'0000-00-00',0,0,0,0),(43,1,5,7,0,'FASTX-SB',0.0000,0.0000,'0000-00-00',0,0,0,0),(44,1,5,8,0,'FASTX-TI',0.0000,0.0000,'0000-00-00',0,0,0,0),(45,1,5,9,0,'FASTX-VP',0.0000,0.0000,'0000-00-00',0,0,0,0),(46,1,6,1,0,'FLAKX-24K',0.0000,0.0000,'0000-00-00',0,0,0,0),(47,1,6,2,0,'FLAKX-DB',0.0000,0.0000,'0000-00-00',0,0,0,0),(48,1,6,3,0,'FLAKX-EB',0.0000,0.0000,'0000-00-00',0,0,0,0),(49,1,6,4,0,'FLAKX-EG',0.0000,0.0000,'0000-00-00',0,0,0,0),(50,1,6,5,0,'FLAKX-FR',0.0000,0.0000,'0000-00-00',0,0,0,0),(51,1,6,6,0,'FLAKX-IB',0.0000,0.0000,'0000-00-00',0,0,0,0),(52,1,6,7,0,'FLAKX-SB',0.0000,0.0000,'0000-00-00',0,0,0,0),(53,1,6,8,0,'FLAKX-TI',0.0000,0.0000,'0000-00-00',0,0,0,0),(54,1,6,9,0,'FLAKX-VP',0.0000,0.0000,'0000-00-00',0,0,0,0),(55,1,7,1,0,'FULEC-24K',0.0000,0.0000,'0000-00-00',0,0,0,0),(56,1,7,2,0,'FULEC-DB',0.0000,0.0000,'0000-00-00',0,0,0,0),(57,1,7,3,0,'FULEC-EB',0.0000,0.0000,'0000-00-00',0,0,0,0),(58,1,7,4,0,'FULEC-EG',0.0000,0.0000,'0000-00-00',0,0,0,0),(59,1,7,5,0,'FULEC-FR',0.0000,0.0000,'0000-00-00',0,0,0,0),(60,1,7,6,0,'FULEC-IB',0.0000,0.0000,'0000-00-00',0,0,0,0),(61,1,7,7,0,'FULEC-SB',0.0000,0.0000,'0000-00-00',0,0,0,0),(62,1,7,8,0,'FULEC-TI',0.0000,0.0000,'0000-00-00',0,0,0,0),(63,1,7,9,0,'FULEC-VP',0.0000,0.0000,'0000-00-00',0,0,0,0),(64,1,8,1,0,'GASCA-24K',0.0000,0.0000,'0000-00-00',0,0,0,0),(65,1,8,2,0,'GASCA-DB',0.0000,0.0000,'0000-00-00',0,0,0,0),(66,1,8,3,0,'GASCA-EB',0.0000,0.0000,'0000-00-00',0,0,0,0),(67,1,8,4,0,'GASCA-EG',0.0000,0.0000,'0000-00-00',0,0,0,0),(68,1,8,5,0,'GASCA-FR',0.0000,0.0000,'0000-00-00',0,0,0,0),(69,1,8,6,0,'GASCA-IB',0.0000,0.0000,'0000-00-00',0,0,0,0),(70,1,8,7,0,'GASCA-SB',0.0000,0.0000,'0000-00-00',0,0,0,0),(71,1,8,8,0,'GASCA-TI',0.0000,0.0000,'0000-00-00',0,0,0,0),(72,1,8,9,0,'GASCA-VP',0.0000,0.0000,'0000-00-00',0,0,0,0),(73,1,9,1,0,'HAL2X-24K',0.0000,0.0000,'0000-00-00',0,0,0,0),(74,1,9,2,0,'HAL2X-DB',0.0000,0.0000,'0000-00-00',0,0,0,0),(75,1,9,3,0,'HAL2X-EB',0.0000,0.0000,'0000-00-00',0,0,0,0),(76,1,9,4,0,'HAL2X-EG',0.0000,0.0000,'0000-00-00',0,0,0,0),(77,1,9,5,0,'HAL2X-FR',0.0000,0.0000,'0000-00-00',0,0,0,0),(78,1,9,6,0,'HAL2X-IB',0.0000,0.0000,'0000-00-00',0,0,0,0),(79,1,9,7,0,'HAL2X-SB',0.0000,0.0000,'0000-00-00',0,0,0,0),(80,1,9,8,0,'HAL2X-TI',0.0000,0.0000,'0000-00-00',0,0,0,0),(81,1,9,9,0,'HAL2X-VP',0.0000,0.0000,'0000-00-00',0,0,0,0),(82,1,10,1,0,'HOLBR-24K',0.0000,0.0000,'0000-00-00',0,0,0,0),(83,1,10,2,0,'HOLBR-DB',0.0000,0.0000,'0000-00-00',0,0,0,0),(84,1,10,3,0,'HOLBR-EB',0.0000,0.0000,'0000-00-00',0,0,0,0),(85,1,10,4,0,'HOLBR-EG',0.0000,0.0000,'0000-00-00',0,0,0,0),(86,1,10,5,0,'HOLBR-FR',0.0000,0.0000,'0000-00-00',0,0,0,0),(87,1,10,6,0,'HOLBR-IB',0.0000,0.0000,'0000-00-00',0,0,0,0),(88,1,10,7,0,'HOLBR-SB',0.0000,0.0000,'0000-00-00',0,0,0,0),(89,1,10,8,0,'HOLBR-TI',0.0000,0.0000,'0000-00-00',0,0,0,0),(90,1,10,9,0,'HOLBR-VP',0.0000,0.0000,'0000-00-00',0,0,0,0),(91,1,11,1,0,'JAWBN-24K',0.0000,0.0000,'0000-00-00',0,0,0,0),(92,1,11,2,0,'JAWBN-DB',0.0000,0.0000,'0000-00-00',0,0,0,0),(93,1,11,3,0,'JAWBN-EB',0.0000,0.0000,'0000-00-00',0,0,0,0),(94,1,11,4,0,'JAWBN-EG',0.0000,0.0000,'0000-00-00',0,0,0,0),(95,1,11,5,0,'JAWBN-FR',0.0000,0.0000,'0000-00-00',0,0,0,0),(96,1,11,6,0,'JAWBN-IB',0.0000,0.0000,'0000-00-00',0,0,0,0),(97,1,11,7,0,'JAWBN-SB',0.0000,0.0000,'0000-00-00',0,0,0,0),(98,1,11,8,0,'JAWBN-TI',0.0000,0.0000,'0000-00-00',0,0,0,0),(99,1,11,9,0,'JAWBN-VP',0.0000,0.0000,'0000-00-00',0,0,0,0),(100,1,12,1,0,'M2-24K',0.0000,0.0000,'0000-00-00',0,0,0,0),(101,1,12,2,0,'M2-DB',0.0000,0.0000,'0000-00-00',0,0,0,0),(102,1,12,3,0,'M2-EB',0.0000,0.0000,'0000-00-00',0,0,0,0),(103,1,12,4,0,'M2-EG',0.0000,0.0000,'0000-00-00',0,0,0,0),(104,1,12,5,0,'M2-FR',0.0000,0.0000,'0000-00-00',0,0,0,0),(105,1,12,6,0,'M2-IB',0.0000,0.0000,'0000-00-00',0,0,0,0),(106,1,12,7,0,'M2-SB',0.0000,0.0000,'0000-00-00',0,0,0,0),(107,1,12,8,0,'M2-TI',0.0000,0.0000,'0000-00-00',0,0,0,0),(108,1,12,9,0,'M2-VP',0.0000,0.0000,'0000-00-00',0,0,0,0),(109,1,13,1,0,'MFHTR-24K',0.0000,0.0000,'0000-00-00',0,0,0,0),(110,1,13,2,0,'MFHTR-DB',0.0000,0.0000,'0000-00-00',0,0,0,0),(111,1,13,3,0,'MFHTR-EB',0.0000,0.0000,'0000-00-00',0,0,0,0),(112,1,13,4,0,'MFHTR-EG',0.0000,0.0000,'0000-00-00',0,0,0,0),(113,1,13,5,0,'MFHTR-FR',0.0000,0.0000,'0000-00-00',0,0,0,0),(114,1,13,6,0,'MFHTR-IB',0.0000,0.0000,'0000-00-00',0,0,0,0),(115,1,13,7,0,'MFHTR-SB',0.0000,0.0000,'0000-00-00',0,0,0,0),(116,1,13,8,0,'MFHTR-TI',0.0000,0.0000,'0000-00-00',0,0,0,0),(117,1,13,9,0,'MFHTR-VP',0.0000,0.0000,'0000-00-00',0,0,0,0),(118,1,14,1,0,'MFSWP-24K',0.0000,0.0000,'0000-00-00',0,0,0,0),(119,1,14,2,0,'MFSWP-DB',0.0000,0.0000,'0000-00-00',0,0,0,0),(120,1,14,3,0,'MFSWP-EB',0.0000,0.0000,'0000-00-00',0,0,0,0),(121,1,14,4,0,'MFSWP-EG',0.0000,0.0000,'0000-00-00',0,0,0,0),(122,1,14,5,0,'MFSWP-FR',0.0000,0.0000,'0000-00-00',0,0,0,0),(123,1,14,6,0,'MFSWP-IB',0.0000,0.0000,'0000-00-00',0,0,0,0),(124,1,14,7,0,'MFSWP-SB',0.0000,0.0000,'0000-00-00',0,0,0,0),(125,1,14,8,0,'MFSWP-TI',0.0000,0.0000,'0000-00-00',0,0,0,0),(126,1,14,9,0,'MFSWP-VP',0.0000,0.0000,'0000-00-00',0,0,0,0),(127,1,15,1,0,'OFFSH-24K',0.0000,0.0000,'0000-00-00',0,0,0,0),(128,1,15,2,0,'OFFSH-DB',0.0000,0.0000,'0000-00-00',0,0,0,0),(129,1,15,3,0,'OFFSH-EB',0.0000,0.0000,'0000-00-00',0,0,0,0),(130,1,15,4,0,'OFFSH-EG',0.0000,0.0000,'0000-00-00',0,0,0,0),(131,1,15,5,0,'OFFSH-FR',0.0000,0.0000,'0000-00-00',0,0,0,0),(132,1,15,6,0,'OFFSH-IB',0.0000,0.0000,'0000-00-00',0,0,0,0),(133,1,15,7,0,'OFFSH-SB',0.0000,0.0000,'0000-00-00',0,0,0,0),(134,1,15,8,0,'OFFSH-TI',0.0000,0.0000,'0000-00-00',0,0,0,0),(135,1,15,9,0,'OFFSH-VP',0.0000,0.0000,'0000-00-00',0,0,0,0),(136,1,16,1,0,'OILRI-24K',0.0000,0.0000,'0000-00-00',0,0,0,0),(137,1,16,2,0,'OILRI-DB',0.0000,0.0000,'0000-00-00',0,0,0,0),(138,1,16,3,0,'OILRI-EB',0.0000,0.0000,'0000-00-00',0,0,0,0),(139,1,16,4,0,'OILRI-EG',0.0000,0.0000,'0000-00-00',0,0,0,0),(140,1,16,5,0,'OILRI-FR',0.0000,0.0000,'0000-00-00',0,0,0,0),(141,1,16,6,0,'OILRI-IB',0.0000,0.0000,'0000-00-00',0,0,0,0),(142,1,16,7,0,'OILRI-SB',0.0000,0.0000,'0000-00-00',0,0,0,0),(143,1,16,8,0,'OILRI-TI',0.0000,0.0000,'0000-00-00',0,0,0,0),(144,1,16,9,0,'OILRI-VP',0.0000,0.0000,'0000-00-00',0,0,0,0),(145,1,17,1,0,'RADED-24K',0.0000,0.0000,'0000-00-00',0,0,0,0),(146,1,17,2,0,'RADED-DB',0.0000,0.0000,'0000-00-00',0,0,0,0),(147,1,17,3,0,'RADED-EB',0.0000,0.0000,'0000-00-00',0,0,0,0),(148,1,17,4,0,'RADED-EG',0.0000,0.0000,'0000-00-00',0,0,0,0),(149,1,17,5,0,'RADED-FR',0.0000,0.0000,'0000-00-00',0,0,0,0),(150,1,17,6,0,'RADED-IB',0.0000,0.0000,'0000-00-00',0,0,0,0),(151,1,17,7,0,'RADED-SB',0.0000,0.0000,'0000-00-00',0,0,0,0),(152,1,17,8,0,'RADED-TI',0.0000,0.0000,'0000-00-00',0,0,0,0),(153,1,17,9,0,'RADED-VP',0.0000,0.0000,'0000-00-00',0,0,0,0),(154,1,18,1,0,'RADPA-24K',0.0000,0.0000,'0000-00-00',0,0,0,0),(155,1,18,2,0,'RADPA-DB',0.0000,0.0000,'0000-00-00',0,0,0,0),(156,1,18,3,0,'RADPA-EB',0.0000,0.0000,'0000-00-00',0,0,0,0),(157,1,18,4,0,'RADPA-EG',0.0000,0.0000,'0000-00-00',0,0,0,0),(158,1,18,5,0,'RADPA-FR',0.0000,0.0000,'0000-00-00',0,0,0,0),(159,1,18,6,0,'RADPA-IB',0.0000,0.0000,'0000-00-00',0,0,0,0),(160,1,18,7,0,'RADPA-SB',0.0000,0.0000,'0000-00-00',0,0,0,0),(161,1,18,8,0,'RADPA-TI',0.0000,0.0000,'0000-00-00',0,0,0,0),(162,1,18,9,0,'RADPA-VP',0.0000,0.0000,'0000-00-00',0,0,0,0),(163,1,19,1,0,'RAD(L)ED-24K',0.0000,0.0000,'0000-00-00',0,0,0,0),(164,1,19,2,0,'RAD(L)ED-DB',0.0000,0.0000,'0000-00-00',0,0,0,0),(165,1,19,3,0,'RAD(L)ED-EB',0.0000,0.0000,'0000-00-00',0,0,0,0),(166,1,19,4,0,'RAD(L)ED-EG',0.0000,0.0000,'0000-00-00',0,0,0,0),(167,1,19,5,0,'RAD(L)ED-FR',0.0000,0.0000,'0000-00-00',0,0,0,0),(168,1,19,6,0,'RAD(L)ED-IB',0.0000,0.0000,'0000-00-00',0,0,0,0),(169,1,19,7,0,'RAD(L)ED-SB',0.0000,0.0000,'0000-00-00',0,0,0,0),(170,1,19,8,0,'RAD(L)ED-TI',0.0000,0.0000,'0000-00-00',0,0,0,0),(171,1,19,9,0,'RAD(L)ED-VP',0.0000,0.0000,'0000-00-00',0,0,0,0),(172,1,20,1,0,'RAD(L)PA-24K',0.0000,0.0000,'0000-00-00',0,0,0,0),(173,1,20,2,0,'RAD(L)PA-DB',0.0000,0.0000,'0000-00-00',0,0,0,0),(174,1,20,3,0,'RAD(L)PA-EB',0.0000,0.0000,'0000-00-00',0,0,0,0),(175,1,20,4,0,'RAD(L)PA-EG',0.0000,0.0000,'0000-00-00',0,0,0,0),(176,1,20,5,0,'RAD(L)PA-FR',0.0000,0.0000,'0000-00-00',0,0,0,0),(177,1,20,6,0,'RAD(L)PA-IB',0.0000,0.0000,'0000-00-00',0,0,0,0),(178,1,20,7,0,'RAD(L)PA-SB',0.0000,0.0000,'0000-00-00',0,0,0,0),(179,1,20,8,0,'RAD(L)PA-TI',0.0000,0.0000,'0000-00-00',0,0,0,0),(180,1,20,9,0,'RAD(L)PA-VP',0.0000,0.0000,'0000-00-00',0,0,0,0);
/*!40000 ALTER TABLE `warehouse_item` ENABLE KEYS */;
UNLOCK TABLES;

--
-- Table structure for table `warehouses`
--

DROP TABLE IF EXISTS `warehouses`;
/*!40101 SET @saved_cs_client     = @@character_set_client */;
/*!40101 SET character_set_client = utf8 */;
CREATE TABLE `warehouses` (
  `id` int(11) unsigned NOT NULL AUTO_INCREMENT,
  `name` varchar(255) NOT NULL DEFAULT '',
  PRIMARY KEY (`id`)
) ENGINE=MyISAM AUTO_INCREMENT=2 DEFAULT CHARSET=utf8;
/*!40101 SET character_set_client = @saved_cs_client */;

--
-- Dumping data for table `warehouses`
--

LOCK TABLES `warehouses` WRITE;
/*!40000 ALTER TABLE `warehouses` DISABLE KEYS */;
INSERT INTO `warehouses` VALUES (1,'On Hand Inventory');
/*!40000 ALTER TABLE `warehouses` ENABLE KEYS */;
UNLOCK TABLES;
/*!40103 SET TIME_ZONE=@OLD_TIME_ZONE */;

/*!40101 SET SQL_MODE=@OLD_SQL_MODE */;
/*!40014 SET FOREIGN_KEY_CHECKS=@OLD_FOREIGN_KEY_CHECKS */;
/*!40014 SET UNIQUE_CHECKS=@OLD_UNIQUE_CHECKS */;
/*!40101 SET CHARACTER_SET_CLIENT=@OLD_CHARACTER_SET_CLIENT */;
/*!40101 SET CHARACTER_SET_RESULTS=@OLD_CHARACTER_SET_RESULTS */;
/*!40101 SET COLLATION_CONNECTION=@OLD_COLLATION_CONNECTION */;
/*!40111 SET SQL_NOTES=@OLD_SQL_NOTES */;

-- Dump completed on 2017-01-12  7:53:59
